-- MySQL dump 10.13  Distrib 5.6.23, for Win64 (x86_64)
--
-- Host: localhost    Database: bible_quiz
-- ------------------------------------------------------
-- Server version	5.5.5-10.1.13-MariaDB

/*!40101 SET @OLD_CHARACTER_SET_CLIENT=@@CHARACTER_SET_CLIENT */;
/*!40101 SET @OLD_CHARACTER_SET_RESULTS=@@CHARACTER_SET_RESULTS */;
/*!40101 SET @OLD_COLLATION_CONNECTION=@@COLLATION_CONNECTION */;
/*!40101 SET NAMES utf8 */;
/*!40103 SET @OLD_TIME_ZONE=@@TIME_ZONE */;
/*!40103 SET TIME_ZONE='+00:00' */;
/*!40014 SET @OLD_UNIQUE_CHECKS=@@UNIQUE_CHECKS, UNIQUE_CHECKS=0 */;
/*!40014 SET @OLD_FOREIGN_KEY_CHECKS=@@FOREIGN_KEY_CHECKS, FOREIGN_KEY_CHECKS=0 */;
/*!40101 SET @OLD_SQL_MODE=@@SQL_MODE, SQL_MODE='NO_AUTO_VALUE_ON_ZERO' */;
/*!40111 SET @OLD_SQL_NOTES=@@SQL_NOTES, SQL_NOTES=0 */;

--
-- Table structure for table `answers`
--

DROP TABLE IF EXISTS `answers`;
/*!40101 SET @saved_cs_client     = @@character_set_client */;
/*!40101 SET character_set_client = utf8 */;
CREATE TABLE `answers` (
  `id` int(10) unsigned zerofill NOT NULL AUTO_INCREMENT,
  `question` int(10) unsigned zerofill NOT NULL,
  `group` int(10) unsigned zerofill NOT NULL,
  `answer` tinytext NOT NULL,
  PRIMARY KEY (`id`),
  UNIQUE KEY `unique` (`question`,`group`),
  KEY `answer_group_idx` (`group`),
  CONSTRAINT `answer_group` FOREIGN KEY (`group`) REFERENCES `groups` (`id`) ON DELETE NO ACTION ON UPDATE NO ACTION,
  CONSTRAINT `answer_question` FOREIGN KEY (`question`) REFERENCES `questions` (`id`) ON DELETE NO ACTION ON UPDATE NO ACTION
) ENGINE=InnoDB AUTO_INCREMENT=449 DEFAULT CHARSET=utf8;
/*!40101 SET character_set_client = @saved_cs_client */;

--
-- Dumping data for table `answers`
--
-- ORDER BY:  `id`

LOCK TABLES `answers` WRITE;
/*!40000 ALTER TABLE `answers` DISABLE KEYS */;
REPLACE INTO `answers` (`id`, `question`, `group`, `answer`) VALUES (0000000001,0000000325,0000000001,'A'),(0000000002,0000000325,0000000008,'A'),(0000000003,0000000325,0000000004,'A'),(0000000004,0000000325,0000000010,'A'),(0000000005,0000000325,0000000002,'A'),(0000000006,0000000325,0000000003,'A'),(0000000007,0000000326,0000000001,'True'),(0000000008,0000000326,0000000010,'True'),(0000000009,0000000326,0000000004,'True'),(0000000010,0000000326,0000000008,'True'),(0000000011,0000000326,0000000003,'True'),(0000000012,0000000326,0000000002,'True'),(0000000013,0000000327,0000000010,'Jesus Christ'),(0000000014,0000000327,0000000002,'Jesus'),(0000000015,0000000327,0000000001,'Jesus '),(0000000016,0000000327,0000000004,'Jesus'),(0000000017,0000000327,0000000008,'Jesus'),(0000000018,0000000327,0000000003,'Jesus christ'),(0000000019,0000000292,0000000001,'D'),(0000000020,0000000292,0000000010,'D'),(0000000021,0000000292,0000000003,'D'),(0000000022,0000000292,0000000004,'D'),(0000000023,0000000292,0000000008,'D'),(0000000024,0000000292,0000000002,'D'),(0000000025,0000000293,0000000010,'C'),(0000000026,0000000293,0000000004,'C'),(0000000027,0000000293,0000000001,'C'),(0000000028,0000000293,0000000008,'C'),(0000000029,0000000293,0000000003,'B'),(0000000030,0000000293,0000000002,'A'),(0000000031,0000000294,0000000001,'A'),(0000000032,0000000294,0000000004,'A'),(0000000033,0000000294,0000000010,'A'),(0000000034,0000000294,0000000003,'A'),(0000000035,0000000294,0000000008,'A'),(0000000036,0000000294,0000000002,'A'),(0000000037,0000000295,0000000010,'B'),(0000000038,0000000295,0000000001,'B'),(0000000039,0000000295,0000000004,'B'),(0000000040,0000000295,0000000002,'B'),(0000000041,0000000295,0000000003,'C'),(0000000042,0000000295,0000000008,'B'),(0000000043,0000000296,0000000010,'C'),(0000000044,0000000296,0000000001,'C'),(0000000045,0000000296,0000000002,'C'),(0000000046,0000000296,0000000008,'C'),(0000000047,0000000296,0000000004,'C'),(0000000048,0000000296,0000000003,'C'),(0000000049,0000000297,0000000010,'C'),(0000000050,0000000297,0000000004,'C'),(0000000051,0000000297,0000000008,'C'),(0000000052,0000000297,0000000002,'C'),(0000000053,0000000297,0000000003,'C'),(0000000054,0000000298,0000000010,'D'),(0000000055,0000000298,0000000001,'B'),(0000000056,0000000298,0000000004,'B'),(0000000057,0000000298,0000000008,'D'),(0000000058,0000000298,0000000003,'A'),(0000000059,0000000298,0000000002,'B'),(0000000060,0000000299,0000000010,'C'),(0000000061,0000000299,0000000008,'C'),(0000000062,0000000299,0000000004,'C'),(0000000063,0000000299,0000000002,'C'),(0000000064,0000000299,0000000003,'C'),(0000000065,0000000299,0000000001,'C'),(0000000066,0000000300,0000000002,'C'),(0000000067,0000000300,0000000008,'C'),(0000000068,0000000300,0000000001,'C'),(0000000069,0000000300,0000000010,'C'),(0000000070,0000000300,0000000004,'C'),(0000000071,0000000300,0000000003,'A'),(0000000072,0000000301,0000000002,'B'),(0000000073,0000000301,0000000004,'B'),(0000000074,0000000301,0000000008,'B'),(0000000075,0000000301,0000000010,'B'),(0000000076,0000000301,0000000001,'B'),(0000000077,0000000301,0000000003,'B'),(0000000078,0000000302,0000000010,'C'),(0000000079,0000000302,0000000001,'C'),(0000000080,0000000302,0000000004,'C'),(0000000081,0000000302,0000000002,'C'),(0000000082,0000000302,0000000008,'C'),(0000000083,0000000302,0000000003,'C'),(0000000084,0000000303,0000000010,'False'),(0000000085,0000000303,0000000002,'False'),(0000000086,0000000303,0000000004,'False'),(0000000087,0000000303,0000000001,'False'),(0000000088,0000000303,0000000003,'True'),(0000000089,0000000303,0000000008,'False'),(0000000090,0000000304,0000000001,'True'),(0000000091,0000000304,0000000008,'True'),(0000000092,0000000304,0000000004,'True'),(0000000093,0000000304,0000000002,'True'),(0000000094,0000000304,0000000010,'True'),(0000000095,0000000304,0000000003,'True'),(0000000096,0000000305,0000000010,'False'),(0000000097,0000000305,0000000003,'True'),(0000000098,0000000305,0000000008,'False'),(0000000099,0000000305,0000000002,'True'),(0000000100,0000000305,0000000004,'True'),(0000000101,0000000305,0000000001,'False'),(0000000102,0000000306,0000000010,'True'),(0000000103,0000000306,0000000004,'True'),(0000000104,0000000306,0000000008,'False'),(0000000105,0000000306,0000000001,'False'),(0000000106,0000000306,0000000003,'False'),(0000000107,0000000306,0000000002,'False'),(0000000108,0000000307,0000000010,'False'),(0000000109,0000000307,0000000002,'False'),(0000000110,0000000307,0000000001,'False'),(0000000111,0000000307,0000000008,'False'),(0000000112,0000000307,0000000004,'True'),(0000000113,0000000307,0000000003,'True'),(0000000114,0000000308,0000000010,'False'),(0000000115,0000000308,0000000002,'False'),(0000000116,0000000308,0000000003,'True'),(0000000117,0000000308,0000000001,'False'),(0000000118,0000000308,0000000008,'False'),(0000000119,0000000308,0000000004,'False'),(0000000120,0000000309,0000000010,'False'),(0000000121,0000000309,0000000004,'False'),(0000000122,0000000309,0000000008,'True'),(0000000123,0000000309,0000000003,'True'),(0000000124,0000000309,0000000002,'False'),(0000000125,0000000309,0000000001,'False'),(0000000126,0000000310,0000000002,'False'),(0000000127,0000000310,0000000010,'True'),(0000000128,0000000310,0000000003,'True'),(0000000129,0000000310,0000000001,'False'),(0000000130,0000000310,0000000008,'False'),(0000000131,0000000310,0000000004,'False'),(0000000132,0000000311,0000000010,'False'),(0000000133,0000000311,0000000001,'True'),(0000000134,0000000311,0000000004,'True'),(0000000135,0000000311,0000000003,'True'),(0000000136,0000000311,0000000008,'True'),(0000000137,0000000311,0000000002,'False'),(0000000138,0000000312,0000000010,'True'),(0000000139,0000000312,0000000001,'False'),(0000000140,0000000312,0000000003,'True'),(0000000141,0000000312,0000000004,'True'),(0000000142,0000000312,0000000008,'True'),(0000000143,0000000312,0000000002,'False'),(0000000144,0000000313,0000000008,'True'),(0000000145,0000000313,0000000010,'True'),(0000000146,0000000313,0000000004,'True'),(0000000147,0000000313,0000000002,'True'),(0000000148,0000000313,0000000001,'True'),(0000000149,0000000313,0000000003,'True'),(0000000150,0000000314,0000000010,'13'),(0000000151,0000000314,0000000003,'7x'),(0000000152,0000000314,0000000001,'7'),(0000000153,0000000314,0000000002,'13 times'),(0000000154,0000000314,0000000004,'7\r\n'),(0000000155,0000000314,0000000008,'6'),(0000000156,0000000315,0000000001,'24'),(0000000157,0000000315,0000000010,'24'),(0000000158,0000000315,0000000008,'24'),(0000000159,0000000315,0000000003,'24'),(0000000160,0000000315,0000000004,'24'),(0000000161,0000000315,0000000002,'24'),(0000000162,0000000316,0000000010,'gold and silver'),(0000000163,0000000316,0000000004,'Pilak bakal'),(0000000164,0000000316,0000000001,'Patutot '),(0000000165,0000000316,0000000002,'Gold silver'),(0000000166,0000000316,0000000008,'Gold and silver'),(0000000167,0000000316,0000000003,'silver n gold'),(0000000168,0000000317,0000000010,'prostitute'),(0000000169,0000000317,0000000004,'Upahang babae'),(0000000170,0000000317,0000000008,'Upahang babae'),(0000000171,0000000317,0000000003,'Patotot'),(0000000172,0000000317,0000000002,'Pro\r\n\r\n\r\nPatutot '),(0000000173,0000000317,0000000001,'Patutot'),(0000000174,0000000318,0000000001,'Pagkasaserdote '),(0000000175,0000000318,0000000002,'Pagkasaserdote sa panginoon'),(0000000176,0000000318,0000000004,'Pagpapaka sasrdote'),(0000000177,0000000318,0000000010,'tagabuhat ng arc'),(0000000178,0000000318,0000000003,'Prise:-)'),(0000000179,0000000318,0000000008,'Saserdote sa pananampalataya'),(0000000180,0000000319,0000000010,'jesherun'),(0000000181,0000000319,0000000004,'Jaiser'),(0000000182,0000000319,0000000003,'Joel'),(0000000183,0000000319,0000000008,'Joshua 10 12'),(0000000184,0000000319,0000000001,'Magsusumpa ^=^'),(0000000185,0000000319,0000000002,'Jeshera'),(0000000186,0000000320,0000000010,'rebuild'),(0000000187,0000000320,0000000008,'\r\nAchan'),(0000000188,0000000320,0000000004,'Itatayu uli'),(0000000189,0000000320,0000000002,'RISE N BUILT'),(0000000190,0000000320,0000000001,'Sibat '),(0000000191,0000000320,0000000003,'¢¾¢¾¢¾ ;('),(0000000192,0000000321,0000000010,'javelin'),(0000000193,0000000321,0000000004,'Sibat'),(0000000194,0000000321,0000000008,'Sibat'),(0000000195,0000000321,0000000002,'Spears'),(0000000196,0000000321,0000000001,'Sibat'),(0000000197,0000000322,0000000001,'Gabaon'),(0000000198,0000000322,0000000008,'Gibeon'),(0000000199,0000000322,0000000002,'Gibeon'),(0000000200,0000000322,0000000004,'Gibeya'),(0000000201,0000000322,0000000010,'gibeon'),(0000000202,0000000322,0000000003,'Gibeon'),(0000000203,0000000323,0000000001,'Sinunog '),(0000000204,0000000323,0000000003,'Gumuho!'),(0000000205,0000000323,0000000004,'Talim ng tabak'),(0000000206,0000000323,0000000010,'sinunog '),(0000000207,0000000323,0000000008,'Fire'),(0000000208,0000000323,0000000002,'Nagiba dahil sa trumpeta '),(0000000209,0000000324,0000000010,'levi'),(0000000210,0000000324,0000000001,'Levi'),(0000000211,0000000324,0000000004,'Levi'),(0000000212,0000000324,0000000002,'Levi'),(0000000213,0000000324,0000000003,'Levi'),(0000000214,0000000324,0000000008,'Levi\r\n'),(0000000215,0000000325,0000000009,'A'),(0000000216,0000000326,0000000009,'True'),(0000000217,0000000327,0000000009,'Jesus'),(0000000218,0000000328,0000000010,'B'),(0000000219,0000000328,0000000008,'B'),(0000000220,0000000328,0000000001,'B'),(0000000221,0000000328,0000000004,'B'),(0000000222,0000000328,0000000009,'C'),(0000000223,0000000328,0000000002,'B'),(0000000224,0000000328,0000000003,'C'),(0000000225,0000000329,0000000010,'C'),(0000000226,0000000329,0000000002,'C'),(0000000227,0000000329,0000000009,'C'),(0000000228,0000000329,0000000004,'C'),(0000000229,0000000329,0000000008,'B'),(0000000230,0000000329,0000000003,'A'),(0000000231,0000000329,0000000001,'A'),(0000000232,0000000330,0000000010,'C'),(0000000233,0000000330,0000000003,'C'),(0000000234,0000000330,0000000002,'C'),(0000000235,0000000330,0000000004,'C'),(0000000236,0000000330,0000000001,'C'),(0000000237,0000000330,0000000009,'B'),(0000000238,0000000330,0000000008,'B'),(0000000239,0000000331,0000000010,'A'),(0000000240,0000000331,0000000003,'A'),(0000000241,0000000331,0000000001,'A'),(0000000242,0000000331,0000000004,'A'),(0000000243,0000000331,0000000002,'A'),(0000000244,0000000331,0000000008,'A'),(0000000245,0000000331,0000000009,'A'),(0000000246,0000000332,0000000010,'A'),(0000000247,0000000332,0000000003,'A'),(0000000248,0000000332,0000000001,'A'),(0000000249,0000000332,0000000002,'A'),(0000000250,0000000332,0000000008,'A'),(0000000251,0000000332,0000000004,'C'),(0000000252,0000000332,0000000009,'A'),(0000000253,0000000333,0000000001,'B'),(0000000254,0000000333,0000000003,'A'),(0000000255,0000000333,0000000010,'B'),(0000000256,0000000333,0000000002,'B'),(0000000257,0000000333,0000000004,'B'),(0000000258,0000000333,0000000009,'B'),(0000000259,0000000333,0000000008,'B'),(0000000260,0000000334,0000000010,'B'),(0000000261,0000000334,0000000001,'B'),(0000000262,0000000334,0000000004,'B'),(0000000263,0000000334,0000000009,'B'),(0000000264,0000000334,0000000008,'B'),(0000000265,0000000334,0000000003,'B'),(0000000266,0000000334,0000000002,'B'),(0000000267,0000000335,0000000009,'C'),(0000000268,0000000335,0000000001,'C'),(0000000269,0000000335,0000000003,'C'),(0000000270,0000000335,0000000010,'C'),(0000000271,0000000335,0000000008,'C'),(0000000272,0000000335,0000000004,'C'),(0000000273,0000000335,0000000002,'C'),(0000000274,0000000336,0000000010,'B'),(0000000275,0000000336,0000000008,'B'),(0000000276,0000000336,0000000002,'B'),(0000000277,0000000336,0000000001,'B'),(0000000278,0000000336,0000000009,'B'),(0000000279,0000000336,0000000004,'B'),(0000000280,0000000336,0000000003,'B'),(0000000281,0000000337,0000000001,'D'),(0000000282,0000000337,0000000009,'D'),(0000000283,0000000337,0000000010,'D'),(0000000284,0000000337,0000000004,'D'),(0000000285,0000000337,0000000003,'D'),(0000000286,0000000337,0000000008,'A'),(0000000287,0000000337,0000000002,'D'),(0000000288,0000000338,0000000010,'D'),(0000000289,0000000338,0000000003,'D'),(0000000290,0000000338,0000000002,'D'),(0000000291,0000000338,0000000008,'D'),(0000000292,0000000338,0000000009,'C'),(0000000293,0000000338,0000000001,'A'),(0000000294,0000000338,0000000004,'D'),(0000000295,0000000339,0000000009,'False'),(0000000296,0000000339,0000000002,'False'),(0000000297,0000000339,0000000003,'False'),(0000000298,0000000339,0000000001,'False'),(0000000299,0000000339,0000000010,'False'),(0000000300,0000000339,0000000004,'False'),(0000000301,0000000339,0000000008,'False'),(0000000302,0000000340,0000000004,'False'),(0000000303,0000000340,0000000010,'False'),(0000000304,0000000340,0000000001,'False'),(0000000305,0000000340,0000000009,'False'),(0000000306,0000000340,0000000002,'False'),(0000000307,0000000340,0000000003,'False'),(0000000308,0000000340,0000000008,'False'),(0000000309,0000000341,0000000010,'False'),(0000000310,0000000341,0000000004,'False'),(0000000311,0000000341,0000000008,'False'),(0000000312,0000000341,0000000003,'False'),(0000000313,0000000341,0000000001,'False'),(0000000314,0000000341,0000000009,'True'),(0000000315,0000000341,0000000002,'False'),(0000000316,0000000342,0000000010,'True'),(0000000317,0000000342,0000000004,'True'),(0000000318,0000000342,0000000002,'True'),(0000000319,0000000342,0000000003,'False'),(0000000320,0000000342,0000000008,'True'),(0000000321,0000000342,0000000001,'False'),(0000000322,0000000342,0000000009,'True'),(0000000323,0000000343,0000000010,'True'),(0000000324,0000000343,0000000004,'False'),(0000000325,0000000343,0000000008,'True'),(0000000326,0000000343,0000000001,'True'),(0000000327,0000000343,0000000003,'True'),(0000000328,0000000343,0000000009,'True'),(0000000329,0000000343,0000000002,'True'),(0000000330,0000000344,0000000009,'False'),(0000000331,0000000344,0000000003,'False'),(0000000332,0000000344,0000000010,'False'),(0000000333,0000000344,0000000001,'False'),(0000000334,0000000344,0000000008,'False'),(0000000335,0000000344,0000000002,'False'),(0000000336,0000000344,0000000004,'False'),(0000000337,0000000345,0000000003,'True'),(0000000338,0000000345,0000000009,'True'),(0000000339,0000000345,0000000004,'True'),(0000000340,0000000345,0000000002,'True'),(0000000341,0000000345,0000000010,'True'),(0000000342,0000000345,0000000008,'True'),(0000000343,0000000345,0000000001,'True'),(0000000344,0000000346,0000000010,'True'),(0000000345,0000000346,0000000001,'True'),(0000000346,0000000346,0000000002,'True'),(0000000347,0000000346,0000000008,'True'),(0000000348,0000000346,0000000003,'True'),(0000000349,0000000346,0000000009,'False'),(0000000350,0000000346,0000000004,'True'),(0000000351,0000000347,0000000010,'False'),(0000000352,0000000347,0000000003,'False'),(0000000353,0000000347,0000000001,'False'),(0000000354,0000000347,0000000002,'False'),(0000000355,0000000347,0000000008,'False'),(0000000356,0000000347,0000000009,'False'),(0000000357,0000000347,0000000004,'False'),(0000000358,0000000348,0000000001,'True'),(0000000359,0000000348,0000000010,'True'),(0000000360,0000000348,0000000009,'False'),(0000000361,0000000348,0000000003,'True'),(0000000362,0000000348,0000000008,'True'),(0000000363,0000000348,0000000004,''),(0000000364,0000000348,0000000002,'False'),(0000000365,0000000349,0000000009,'True'),(0000000366,0000000349,0000000001,'True'),(0000000367,0000000349,0000000010,'False'),(0000000368,0000000349,0000000008,'True'),(0000000369,0000000349,0000000003,'True'),(0000000370,0000000349,0000000004,'True'),(0000000371,0000000349,0000000002,'True'),(0000000372,0000000350,0000000010,'4'),(0000000373,0000000350,0000000009,'Four'),(0000000374,0000000350,0000000008,'2'),(0000000375,0000000350,0000000002,'2 thumbs n 2 toes'),(0000000376,0000000350,0000000004,'4'),(0000000377,0000000350,0000000001,'2'),(0000000378,0000000350,0000000003,'2 sa hand'),(0000000379,0000000351,0000000010,'Jebusites'),(0000000380,0000000351,0000000002,'Jebuseo'),(0000000381,0000000351,0000000001,'Jebuseo'),(0000000382,0000000351,0000000003,'Canaan'),(0000000383,0000000351,0000000004,'Gabaa'),(0000000384,0000000351,0000000008,'Jubeo'),(0000000385,0000000351,0000000009,'Secret'),(0000000386,0000000352,0000000010,'pinukpok ng peg sa ulo, tumagos'),(0000000387,0000000352,0000000001,'Pinukpok sa temples ^_^ '),(0000000388,0000000352,0000000003,'Pinukpok sa ulo'),(0000000389,0000000352,0000000004,'Sinaksak sa head'),(0000000390,0000000352,0000000009,'Smashed'),(0000000391,0000000352,0000000008,'Timusok ng dalawang blade'),(0000000392,0000000352,0000000002,'Pinako at minartilyo ang sentido '),(0000000393,0000000353,0000000010,'32000'),(0000000394,0000000353,0000000008,'32000'),(0000000395,0000000353,0000000009,'22500'),(0000000396,0000000353,0000000001,'30,000? '),(0000000397,0000000353,0000000002,'32000'),(0000000398,0000000353,0000000003,'30,000'),(0000000399,0000000353,0000000004,'40,000  :-*'),(0000000400,0000000354,0000000010,'hinulugan ng bato sa ulo. nawasak'),(0000000401,0000000354,0000000003,'Pinugutan sa ulo'),(0000000402,0000000354,0000000008,'Pinukpok ng bato.yung babaeng pumatay sakanya.ðŸ˜ŠðŸ˜ŠðŸ˜…'),(0000000403,0000000354,0000000001,'Binagsakan ng bato sa uloðŸ˜ŠðŸ˜ŠðŸ˜˜'),(0000000404,0000000354,0000000009,'Naputulan ng breath'),(0000000405,0000000354,0000000004,'Sinaksak'),(0000000406,0000000354,0000000002,'Hinagis ang isang babae ang millstone'),(0000000407,0000000355,0000000004,'Samson'),(0000000408,0000000355,0000000010,'Samson'),(0000000409,0000000355,0000000002,'Samson'),(0000000410,0000000355,0000000003,'Ruth'),(0000000411,0000000355,0000000001,'Samson '),(0000000412,0000000355,0000000008,'SamsonðŸ˜†'),(0000000413,0000000355,0000000009,'David'),(0000000414,0000000356,0000000010,'his daughter'),(0000000415,0000000356,0000000002,'His only daughter'),(0000000416,0000000356,0000000004,'Daughter .'),(0000000417,0000000356,0000000003,'Anak'),(0000000418,0000000356,0000000009,'Wife'),(0000000419,0000000356,0000000001,'Lalaking walang kabuluhan'),(0000000420,0000000356,0000000008,'His kapatid'),(0000000421,0000000357,0000000010,'9700'),(0000000422,0000000357,0000000002,'300'),(0000000423,0000000357,0000000003,'300'),(0000000424,0000000357,0000000009,'300'),(0000000425,0000000357,0000000001,'22,000 ? :_( '),(0000000426,0000000357,0000000004,'120'),(0000000427,0000000357,0000000008,'ðŸ‘€\r\nðŸ‘ƒ\r\nðŸ’‹\r\nðŸ‘™'),(0000000428,0000000358,0000000010,'Samson'),(0000000429,0000000358,0000000002,'Sarili niya'),(0000000430,0000000358,0000000008,'Philistine'),(0000000431,0000000358,0000000009,'Israelites'),(0000000432,0000000358,0000000004,'Mga tao'),(0000000433,0000000358,0000000003,'Delayla'),(0000000434,0000000358,0000000001,'Wala - dahil bumagsak ung bahay o tirahan ng flsteo'),(0000000435,0000000359,0000000010,'ruth'),(0000000436,0000000359,0000000004,'Ruth'),(0000000437,0000000359,0000000003,'Ruth'),(0000000438,0000000359,0000000001,''),(0000000439,0000000359,0000000008,'Orpha'),(0000000440,0000000359,0000000002,'Ruth'),(0000000441,0000000359,0000000009,'Samson'),(0000000442,0000000360,0000000010,'lion\'s carcass'),(0000000443,0000000360,0000000008,'Lion\'s inside the stomach'),(0000000444,0000000360,0000000001,''),(0000000445,0000000360,0000000002,'Sa tyan ng bangkay ng lion'),(0000000446,0000000360,0000000004,'Pagaari ng.philistines o sa puno \r\n'),(0000000447,0000000360,0000000009,'In his way when he fight the lion'),(0000000448,0000000360,0000000003,'Cave');
/*!40000 ALTER TABLE `answers` ENABLE KEYS */;
UNLOCK TABLES;

--
-- Table structure for table `attendance`
--

DROP TABLE IF EXISTS `attendance`;
/*!40101 SET @saved_cs_client     = @@character_set_client */;
/*!40101 SET character_set_client = utf8 */;
CREATE TABLE `attendance` (
  `id` int(10) unsigned zerofill NOT NULL AUTO_INCREMENT,
  `game` int(10) unsigned zerofill NOT NULL,
  `group` int(10) unsigned zerofill NOT NULL,
  PRIMARY KEY (`id`),
  UNIQUE KEY `unique` (`game`,`group`),
  KEY `attendance_group_idx` (`group`),
  CONSTRAINT `attendance_game` FOREIGN KEY (`game`) REFERENCES `games` (`id`) ON DELETE NO ACTION ON UPDATE NO ACTION,
  CONSTRAINT `attendance_group` FOREIGN KEY (`group`) REFERENCES `groups` (`id`) ON DELETE NO ACTION ON UPDATE NO ACTION
) ENGINE=InnoDB AUTO_INCREMENT=99 DEFAULT CHARSET=utf8;
/*!40101 SET character_set_client = @saved_cs_client */;

--
-- Dumping data for table `attendance`
--
-- ORDER BY:  `id`

LOCK TABLES `attendance` WRITE;
/*!40000 ALTER TABLE `attendance` DISABLE KEYS */;
REPLACE INTO `attendance` (`id`, `game`, `group`) VALUES (0000000001,0000000001,0000000001),(0000000002,0000000001,0000000002),(0000000003,0000000001,0000000003),(0000000004,0000000001,0000000004),(0000000005,0000000001,0000000005),(0000000006,0000000001,0000000006),(0000000007,0000000001,0000000007),(0000000008,0000000001,0000000008),(0000000009,0000000004,0000000001),(0000000010,0000000004,0000000002),(0000000011,0000000004,0000000004),(0000000012,0000000004,0000000005),(0000000013,0000000004,0000000007),(0000000014,0000000004,0000000008),(0000000015,0000000005,0000000001),(0000000016,0000000005,0000000002),(0000000017,0000000005,0000000003),(0000000018,0000000005,0000000004),(0000000019,0000000005,0000000005),(0000000020,0000000005,0000000007),(0000000021,0000000005,0000000008),(0000000022,0000000005,0000000009),(0000000023,0000000006,0000000004),(0000000024,0000000006,0000000008),(0000000025,0000000006,0000000001),(0000000026,0000000006,0000000003),(0000000027,0000000006,0000000005),(0000000028,0000000006,0000000002),(0000000029,0000000006,0000000009),(0000000030,0000000007,0000000004),(0000000031,0000000007,0000000008),(0000000032,0000000007,0000000001),(0000000033,0000000007,0000000003),(0000000034,0000000007,0000000002),(0000000035,0000000007,0000000009),(0000000036,0000000010,0000000004),(0000000037,0000000010,0000000008),(0000000038,0000000010,0000000001),(0000000039,0000000010,0000000003),(0000000040,0000000010,0000000002),(0000000041,0000000010,0000000009),(0000000042,0000000011,0000000004),(0000000043,0000000011,0000000008),(0000000044,0000000011,0000000001),(0000000045,0000000011,0000000003),(0000000046,0000000011,0000000002),(0000000047,0000000011,0000000010),(0000000048,0000000012,0000000004),(0000000049,0000000012,0000000008),(0000000050,0000000012,0000000001),(0000000051,0000000012,0000000003),(0000000052,0000000012,0000000002),(0000000053,0000000012,0000000010),(0000000054,0000000014,0000000004),(0000000055,0000000014,0000000008),(0000000056,0000000014,0000000001),(0000000057,0000000014,0000000003),(0000000059,0000000014,0000000010),(0000000060,0000000014,0000000002),(0000000079,0000000013,0000000004),(0000000080,0000000013,0000000008),(0000000081,0000000013,0000000001),(0000000082,0000000013,0000000003),(0000000083,0000000013,0000000010),(0000000084,0000000013,0000000002),(0000000091,0000000014,0000000009),(0000000092,0000000015,0000000004),(0000000093,0000000015,0000000008),(0000000094,0000000015,0000000001),(0000000095,0000000015,0000000003),(0000000096,0000000015,0000000010),(0000000097,0000000015,0000000002),(0000000098,0000000015,0000000009);
/*!40000 ALTER TABLE `attendance` ENABLE KEYS */;
UNLOCK TABLES;

--
-- Table structure for table `choices`
--

DROP TABLE IF EXISTS `choices`;
/*!40101 SET @saved_cs_client     = @@character_set_client */;
/*!40101 SET character_set_client = utf8 */;
CREATE TABLE `choices` (
  `id` int(10) unsigned zerofill NOT NULL AUTO_INCREMENT,
  `question` int(10) unsigned zerofill NOT NULL,
  `value` varchar(100) NOT NULL,
  `answer` bit(1) NOT NULL DEFAULT b'0',
  PRIMARY KEY (`id`)
) ENGINE=InnoDB AUTO_INCREMENT=1031 DEFAULT CHARSET=utf8;
/*!40101 SET character_set_client = @saved_cs_client */;

--
-- Dumping data for table `choices`
--
-- ORDER BY:  `id`

LOCK TABLES `choices` WRITE;
/*!40000 ALTER TABLE `choices` DISABLE KEYS */;
REPLACE INTO `choices` (`id`, `question`, `value`, `answer`) VALUES (0000000087,0000000033,'Light','\0'),(0000000088,0000000033,'Sun, Moon, Stars',''),(0000000089,0000000033,'Fish and Fowls','\0'),(0000000090,0000000033,'Vegetation','\0'),(0000000099,0000000035,'Horeb','\0'),(0000000100,0000000035,'Haran','\0'),(0000000101,0000000035,'Moriah',''),(0000000102,0000000035,'Sinai','\0'),(0000000107,0000000037,'Mt. Ararat',''),(0000000108,0000000037,'Mt. Arayat','\0'),(0000000109,0000000037,'Mt. Horeb','\0'),(0000000110,0000000037,'Mt. Calvary','\0'),(0000000119,0000000040,'Mother of all People','\0'),(0000000120,0000000040,'Mother of all Living',''),(0000000121,0000000040,'Mother of all Righteous','\0'),(0000000122,0000000040,'Mother of the Earth','\0'),(0000000127,0000000042,'Methuselah',''),(0000000128,0000000042,'Noah','\0'),(0000000129,0000000042,'Abraham','\0'),(0000000130,0000000042,'Jared','\0'),(0000000133,0000000034,'West','\0'),(0000000134,0000000034,'North','\0'),(0000000135,0000000034,'East',''),(0000000136,0000000034,'South','\0'),(0000000137,0000000038,'150 days and 150 nights','\0'),(0000000138,0000000038,'40 days and 40 nights',''),(0000000139,0000000038,'7 days and 7 nights','\0'),(0000000140,0000000038,'120 days and 120 nights','\0'),(0000000141,0000000039,'Dragon','\0'),(0000000142,0000000039,'Lion','\0'),(0000000143,0000000039,'Serpent',''),(0000000144,0000000039,'Tiger','\0'),(0000000147,0000000045,'True','\0'),(0000000148,0000000045,'False',''),(0000000151,0000000047,'True',''),(0000000152,0000000047,'False','\0'),(0000000153,0000000043,'True','\0'),(0000000154,0000000043,'False',''),(0000000155,0000000044,'True',''),(0000000156,0000000044,'False','\0'),(0000000157,0000000046,'True','\0'),(0000000158,0000000046,'False',''),(0000000159,0000000048,'True','\0'),(0000000160,0000000048,'False',''),(0000000161,0000000049,'True','\0'),(0000000162,0000000049,'False',''),(0000000163,0000000050,'True','\0'),(0000000164,0000000050,'False',''),(0000000165,0000000051,'True','\0'),(0000000166,0000000051,'False',''),(0000000167,0000000052,'True','\0'),(0000000168,0000000052,'False',''),(0000000169,0000000053,'Became a Pillar of Salt',''),(0000000170,0000000054,'She laughed',''),(0000000179,0000000055,'Gopher',''),(0000000180,0000000056,'Leaf on an Olive',''),(0000000181,0000000057,'Enoch',''),(0000000182,0000000058,'Nimrod',''),(0000000183,0000000059,'Am I my brother\'s keeper?',''),(0000000185,0000000060,'To have one name and not be scattered abroad.\r\nA flood may again scatter people.',''),(0000000186,0000000061,'It is not God\'s will.\r\nHe hasn\'t done well.',''),(0000000187,0000000062,'Because of people\'s sins.\r\nThe earth was corrupt and filled with violence.',''),(0000000277,0000000069,'Hands and Arms ','\0'),(0000000278,0000000069,'Hands and Chest','\0'),(0000000279,0000000069,'Hands and Neck',''),(0000000280,0000000069,'Hands and Feet ','\0'),(0000000281,0000000070,'Oak Tree',''),(0000000282,0000000070,'Tree of Life','\0'),(0000000283,0000000070,'Apple Tree','\0'),(0000000284,0000000070,'Olive Tree','\0'),(0000000285,0000000071,'Mt. Horeb','\0'),(0000000286,0000000071,'Mt. Sinai','\0'),(0000000287,0000000071,'Mt. Ararat','\0'),(0000000288,0000000071,'Mt. Gilead',''),(0000000289,0000000072,'Daniel','\0'),(0000000290,0000000072,'Peniel',''),(0000000291,0000000072,'Periel','\0'),(0000000292,0000000072,'Beersheba','\0'),(0000000293,0000000073,'Danah','\0'),(0000000294,0000000073,'Dinah',''),(0000000295,0000000073,'Donah','\0'),(0000000296,0000000073,'Danih','\0'),(0000000297,0000000074,'Onan','\0'),(0000000298,0000000074,'Er',''),(0000000299,0000000074,'Selah','\0'),(0000000300,0000000074,'Benoni','\0'),(0000000301,0000000075,'2 Baskets','\0'),(0000000302,0000000075,'7 Baskets','\0'),(0000000303,0000000075,'4 Baskets','\0'),(0000000304,0000000075,'3 Baskets',''),(0000000305,0000000076,'Benjamin','\0'),(0000000306,0000000076,'Reuben','\0'),(0000000307,0000000076,'Simeon','\0'),(0000000308,0000000076,'Joseph',''),(0000000313,0000000077,'10','\0'),(0000000314,0000000077,'100',''),(0000000315,0000000077,'1000','\0'),(0000000316,0000000077,'10,000','\0'),(0000000317,0000000078,'True','\0'),(0000000318,0000000078,'False',''),(0000000319,0000000079,'True',''),(0000000320,0000000079,'False','\0'),(0000000321,0000000080,'True','\0'),(0000000322,0000000080,'False',''),(0000000323,0000000081,'True',''),(0000000324,0000000081,'False','\0'),(0000000325,0000000082,'True',''),(0000000326,0000000082,'False','\0'),(0000000327,0000000083,'True','\0'),(0000000328,0000000083,'False',''),(0000000329,0000000084,'True','\0'),(0000000330,0000000084,'False',''),(0000000331,0000000085,'True','\0'),(0000000332,0000000085,'False',''),(0000000333,0000000086,'True','\0'),(0000000334,0000000086,'False',''),(0000000335,0000000087,'True',''),(0000000336,0000000087,'False','\0'),(0000000337,0000000088,'10th of what he receives',''),(0000000338,0000000089,'Ascending and descending on the ladder',''),(0000000339,0000000090,'Philistines',''),(0000000340,0000000091,'Scarlet\r\nRed',''),(0000000341,0000000092,'Goat',''),(0000000342,0000000093,'Sun Moon and 11 Stars',''),(0000000343,0000000094,'Sword',''),(0000000344,0000000095,'Mahanaim',''),(0000000345,0000000096,'Red Pottage\r\nBread and Lentils',''),(0000000346,0000000097,'Spotted, Speckled and Black',''),(0000000367,0000000068,'Sitnah','\0'),(0000000368,0000000068,'Lahairoi',''),(0000000369,0000000068,'Egypt','\0'),(0000000370,0000000068,'Esek','\0'),(0000000371,0000000041,'315','\0'),(0000000372,0000000041,'316','\0'),(0000000373,0000000041,'317','\0'),(0000000374,0000000041,'318',''),(0000000375,0000000036,'Abimilech',''),(0000000376,0000000036,'Melchizedek','\0'),(0000000377,0000000036,'Saul','\0'),(0000000378,0000000036,'Lot','\0'),(0000000387,0000000100,'Discrete and Humble','\0'),(0000000388,0000000100,'Discrete and Excellent','\0'),(0000000389,0000000100,'Discrete and Wise',''),(0000000390,0000000100,'Discrete and Nice','\0'),(0000000395,0000000102,'A gold cup','\0'),(0000000396,0000000102,'A gold bowl','\0'),(0000000397,0000000102,'A silver cup',''),(0000000398,0000000102,'A silver bowl','\0'),(0000000399,0000000101,'Sign Language','\0'),(0000000400,0000000101,'Body Language','\0'),(0000000401,0000000101,'Interpreter',''),(0000000402,0000000101,'Magicians and Wise Men','\0'),(0000000403,0000000103,'Land of Ephron','\0'),(0000000404,0000000103,'Land of Canaan','\0'),(0000000405,0000000103,'Land of Rameses',''),(0000000406,0000000103,'Land of Joseph','\0'),(0000000411,0000000105,'14 days','\0'),(0000000412,0000000105,'20 days','\0'),(0000000413,0000000105,'30 days','\0'),(0000000414,0000000105,'40 days',''),(0000000419,0000000106,'Issachar','\0'),(0000000420,0000000106,'Zebulun','\0'),(0000000421,0000000106,'Dan',''),(0000000422,0000000106,'Asher','\0'),(0000000423,0000000107,'Killed him','\0'),(0000000424,0000000107,'Circumcised him',''),(0000000425,0000000107,'Beat him','\0'),(0000000426,0000000107,'Bit him','\0'),(0000000427,0000000108,'Scarf','\0'),(0000000428,0000000108,'Hat','\0'),(0000000429,0000000108,'Shoes',''),(0000000430,0000000108,'Clothes','\0'),(0000000435,0000000110,'True',''),(0000000436,0000000110,'False','\0'),(0000000437,0000000111,'True','\0'),(0000000438,0000000111,'False',''),(0000000439,0000000112,'True','\0'),(0000000440,0000000112,'False',''),(0000000441,0000000113,'True','\0'),(0000000442,0000000113,'False',''),(0000000443,0000000114,'True',''),(0000000444,0000000114,'False','\0'),(0000000445,0000000115,'True',''),(0000000446,0000000115,'False','\0'),(0000000447,0000000116,'True','\0'),(0000000448,0000000116,'False',''),(0000000449,0000000117,'True','\0'),(0000000450,0000000117,'False',''),(0000000453,0000000119,'True','\0'),(0000000454,0000000119,'False',''),(0000000456,0000000121,'ZAPH NATH PAANEAH',''),(0000000457,0000000122,'AFRAID',''),(0000000458,0000000123,'BALM, HONEY, SPICES, NUTS, and ALMONDS',''),(0000000459,0000000124,'WAGONS',''),(0000000460,0000000125,'THE LAND OF THE PRIESTS',''),(0000000461,0000000126,'Jacob laid his right hand on Ephraim\'s head',''),(0000000462,0000000127,'HE CRIED',''),(0000000464,0000000129,'NAPHTALI',''),(0000000465,0000000118,'True','\0'),(0000000466,0000000118,'False',''),(0000000467,0000000104,'Saphira and Phua','\0'),(0000000468,0000000104,'Siphra and Phua',''),(0000000469,0000000104,'Siphra and Phia','\0'),(0000000470,0000000104,'Phia and Saphira','\0'),(0000000471,0000000109,'Ephraim','\0'),(0000000472,0000000109,'Aaron','\0'),(0000000473,0000000109,'Gershom',''),(0000000474,0000000109,'Manasseh','\0'),(0000000475,0000000120,'WISE MEN and MAGICIANS',''),(0000000476,0000000128,'JOSEPH',''),(0000000481,0000000131,'40','\0'),(0000000482,0000000131,'7','\0'),(0000000483,0000000131,'300','\0'),(0000000484,0000000131,'430',''),(0000000485,0000000132,'Black Sea','\0'),(0000000486,0000000132,'Euphrates','\0'),(0000000487,0000000132,'Red Sea',''),(0000000488,0000000132,'Pacific Sea','\0'),(0000000489,0000000133,'60','\0'),(0000000490,0000000133,'600',''),(0000000491,0000000133,'6,000','\0'),(0000000492,0000000133,'60,000','\0'),(0000000493,0000000134,'January','\0'),(0000000494,0000000134,'February','\0'),(0000000495,0000000134,'Abib',''),(0000000496,0000000134,'Ebab','\0'),(0000000497,0000000135,'4','\0'),(0000000498,0000000135,'5','\0'),(0000000499,0000000135,'6',''),(0000000500,0000000135,'7','\0'),(0000000501,0000000136,'7 years','\0'),(0000000502,0000000136,'20 years','\0'),(0000000503,0000000136,'40 years',''),(0000000504,0000000136,'150 years','\0'),(0000000505,0000000137,'7 days',''),(0000000506,0000000137,'20 days','\0'),(0000000507,0000000137,'40 days','\0'),(0000000508,0000000137,'150 days','\0'),(0000000509,0000000138,'3 days',''),(0000000510,0000000138,'7 days','\0'),(0000000511,0000000138,'40 days','\0'),(0000000512,0000000138,'150 days','\0'),(0000000513,0000000139,'Golgotha','\0'),(0000000514,0000000139,'Hebron','\0'),(0000000515,0000000139,'Marah',''),(0000000516,0000000139,'Ur','\0'),(0000000517,0000000140,'True','\0'),(0000000518,0000000140,'False',''),(0000000519,0000000141,'True',''),(0000000520,0000000141,'False','\0'),(0000000521,0000000142,'True','\0'),(0000000522,0000000142,'False',''),(0000000523,0000000143,'True','\0'),(0000000524,0000000143,'False',''),(0000000525,0000000144,'True','\0'),(0000000526,0000000144,'False',''),(0000000527,0000000145,'True','\0'),(0000000528,0000000145,'False',''),(0000000529,0000000146,'True',''),(0000000530,0000000146,'False','\0'),(0000000531,0000000147,'True','\0'),(0000000532,0000000147,'False',''),(0000000533,0000000148,'True',''),(0000000534,0000000148,'False','\0'),(0000000535,0000000149,'True','\0'),(0000000536,0000000149,'False',''),(0000000537,0000000150,'SHITTIM / ACACIA WOOD',''),(0000000538,0000000151,'ASK FOR USURY/ INTEREST/ PERCENTAGE',''),(0000000539,0000000152,'WAFERS MADE WITH HONEY',''),(0000000540,0000000153,'12 WELLS AND 70 PALM TREES',''),(0000000541,0000000154,'JOSEPH\'S BONES',''),(0000000542,0000000155,'EXODUS 20: 3 - 17',''),(0000000543,0000000156,'THE DEATH OF THE FIRSTBORN',''),(0000000544,0000000157,'UPON THE LINTEL AND TWO SIDE POSTS',''),(0000000545,0000000158,'LICE',''),(0000000546,0000000159,'HAIL',''),(0000000547,0000000160,'Smart','\0'),(0000000548,0000000160,'Silly','\0'),(0000000549,0000000160,'Stiffnecked',''),(0000000550,0000000160,'Sorry','\0'),(0000000551,0000000161,'One','\0'),(0000000552,0000000161,'Two',''),(0000000553,0000000161,'Three','\0'),(0000000554,0000000161,'Four','\0'),(0000000555,0000000162,'Mt. Calvary','\0'),(0000000556,0000000162,'Mt. Sinai',''),(0000000557,0000000162,'Mt. Carmel','\0'),(0000000558,0000000162,'Mt. Horeb','\0'),(0000000559,0000000163,'Gopher','\0'),(0000000560,0000000163,'Sycamore','\0'),(0000000561,0000000163,'Shittim',''),(0000000562,0000000163,'Narra','\0'),(0000000563,0000000164,'Molten Calf',''),(0000000564,0000000164,'Molten Pig','\0'),(0000000565,0000000164,'Molten Snake','\0'),(0000000566,0000000164,'Molten Boar','\0'),(0000000567,0000000165,'Copper','\0'),(0000000568,0000000165,'Bronze','\0'),(0000000569,0000000165,'Gold',''),(0000000570,0000000165,'Silver','\0'),(0000000571,0000000166,'Mt. Apo','\0'),(0000000572,0000000166,'Mt. Ararat','\0'),(0000000573,0000000166,'Mt. Sinai','\0'),(0000000574,0000000166,'Mt. Horeb',''),(0000000575,0000000167,'Joseph','\0'),(0000000576,0000000167,'Benjamin','\0'),(0000000577,0000000167,'Levi',''),(0000000578,0000000167,'Judah','\0'),(0000000579,0000000168,'A rock','\0'),(0000000580,0000000168,'The Lord\'s Garment','\0'),(0000000581,0000000168,'The Lord\'s Hands',''),(0000000582,0000000168,'A blanket','\0'),(0000000583,0000000169,'30','\0'),(0000000584,0000000169,'300','\0'),(0000000585,0000000169,'3000',''),(0000000586,0000000169,'30000','\0'),(0000000587,0000000170,'4','\0'),(0000000588,0000000170,'5','\0'),(0000000589,0000000170,'6',''),(0000000590,0000000170,'7','\0'),(0000000591,0000000171,'True',''),(0000000592,0000000171,'False','\0'),(0000000593,0000000172,'True','\0'),(0000000594,0000000172,'False',''),(0000000595,0000000173,'True','\0'),(0000000596,0000000173,'False',''),(0000000597,0000000174,'True',''),(0000000598,0000000174,'False','\0'),(0000000599,0000000175,'True','\0'),(0000000600,0000000175,'False',''),(0000000601,0000000176,'True','\0'),(0000000602,0000000176,'False',''),(0000000603,0000000177,'True',''),(0000000604,0000000177,'False','\0'),(0000000605,0000000178,'True','\0'),(0000000606,0000000178,'False',''),(0000000607,0000000179,'True','\0'),(0000000608,0000000179,'False',''),(0000000609,0000000180,'True',''),(0000000610,0000000180,'False','\0'),(0000000611,0000000181,'True','\0'),(0000000612,0000000181,'False',''),(0000000613,0000000182,'MADE THE ISRAELITES DRINK IT',''),(0000000614,0000000183,'TABERNACLE OF CONGREGATION',''),(0000000615,0000000184,'THRICE',''),(0000000616,0000000185,'BEZALEEL',''),(0000000617,0000000186,'GOLD EARRINGS',''),(0000000618,0000000187,'CASTED INTO THE FIRE AND IT CAME OUT',''),(0000000619,0000000188,'JUDAH',''),(0000000620,0000000189,'BLUE, PURPLE AND SCARLET',''),(0000000621,0000000190,'A FEMALE LAMB/ GOAT',''),(0000000622,0000000191,'A GRAVING TOOL',''),(0000000623,0000000192,'GOLD',''),(0000000635,0000000130,'Dragon','\0'),(0000000636,0000000130,'Serpent',''),(0000000637,0000000130,'Tiger','\0'),(0000000638,0000000130,'Lion','\0'),(0000000639,0000000193,'a goat, a calf, and a pigeon','\0'),(0000000640,0000000193,'a goat, a calf, and a lamb',''),(0000000641,0000000193,'a goat, a pigeon, and a lamb','\0'),(0000000642,0000000193,'a calf, a pigeon, and a ram','\0'),(0000000643,0000000194,'Uncle',''),(0000000644,0000000194,'Brother','\0'),(0000000645,0000000194,'Brother - in - law','\0'),(0000000646,0000000194,'Grandfather','\0'),(0000000647,0000000195,'Moses','\0'),(0000000648,0000000195,'Joseph','\0'),(0000000649,0000000195,'Aaron','\0'),(0000000650,0000000195,'The Lord',''),(0000000651,0000000196,'3rd day','\0'),(0000000652,0000000196,'7th day','\0'),(0000000653,0000000196,'8th day',''),(0000000654,0000000196,'15th day','\0'),(0000000655,0000000197,'two rams and two dogs','\0'),(0000000656,0000000197,'two cats and two rabbits','\0'),(0000000657,0000000197,'two turtles or two pigeons',''),(0000000658,0000000197,'twi pigs and two vultures','\0'),(0000000659,0000000198,'Lobsters','\0'),(0000000660,0000000198,'Shellfish','\0'),(0000000661,0000000198,'Milkfish',''),(0000000662,0000000198,'Cowfish','\0'),(0000000663,0000000199,'Unlean',''),(0000000664,0000000199,'Clean','\0'),(0000000665,0000000199,'Delicious','\0'),(0000000666,0000000199,'Disgusting','\0'),(0000000667,0000000200,'Soul','\0'),(0000000668,0000000200,'Heart','\0'),(0000000669,0000000200,'Blood',''),(0000000670,0000000200,'Body','\0'),(0000000671,0000000201,'Gad','\0'),(0000000672,0000000201,'Nephtali','\0'),(0000000673,0000000201,'Dan',''),(0000000674,0000000201,'Asher','\0'),(0000000675,0000000202,'Two','\0'),(0000000676,0000000202,'Four',''),(0000000677,0000000202,'Three','\0'),(0000000678,0000000202,'one','\0'),(0000000679,0000000203,'Swine','\0'),(0000000680,0000000203,'Coney','\0'),(0000000681,0000000203,'Cow',''),(0000000682,0000000203,'Hare','\0'),(0000000683,0000000204,'True','\0'),(0000000684,0000000204,'False',''),(0000000685,0000000205,'True',''),(0000000686,0000000205,'False','\0'),(0000000687,0000000206,'True','\0'),(0000000688,0000000206,'False',''),(0000000689,0000000207,'True','\0'),(0000000690,0000000207,'False',''),(0000000691,0000000208,'True','\0'),(0000000692,0000000208,'False',''),(0000000693,0000000209,'True','\0'),(0000000694,0000000209,'False',''),(0000000695,0000000210,'True','\0'),(0000000696,0000000210,'False',''),(0000000697,0000000211,'True','\0'),(0000000698,0000000211,'False',''),(0000000699,0000000212,'True','\0'),(0000000700,0000000212,'False',''),(0000000701,0000000213,'True',''),(0000000702,0000000213,'False','\0'),(0000000703,0000000214,'True',''),(0000000704,0000000214,'False','\0'),(0000000705,0000000215,'GOT CONSUMED BY FIRE',''),(0000000706,0000000216,'CLOVEN - FOOTED AND CHEWS THE CUD',''),(0000000707,0000000217,'CONEY, HARE, SWINE',''),(0000000708,0000000218,'HAS FINS AND SCALES',''),(0000000709,0000000219,'RAVEN, OWL, CUCKOO, HAWK, CORMORANT,STORK, HERON, SWAN, PELICAN',''),(0000000710,0000000220,'THOSE THAT HAVE FEET TO LEAP',''),(0000000711,0000000221,'LAMB AND A PIGEON or TWO PIGEONS',''),(0000000712,0000000222,'BE STONED TO DEATH',''),(0000000713,0000000223,'LEPROSY',''),(0000000714,0000000224,'PUT TO DEATH',''),(0000000715,0000000225,'WIZARDS OR EVIL SPIRITS',''),(0000000716,0000000226,'Sihon','\0'),(0000000717,0000000226,'Nebuchadnezzar','\0'),(0000000718,0000000226,'Og',''),(0000000719,0000000226,'Eli','\0'),(0000000720,0000000227,'Moses','\0'),(0000000721,0000000227,'Aaron','\0'),(0000000722,0000000227,'The Lord',''),(0000000723,0000000227,'The Israelites','\0'),(0000000724,0000000228,'Levi and Judah','\0'),(0000000725,0000000228,'Joshua and Caleb',''),(0000000726,0000000228,'Levi and Joshua','\0'),(0000000727,0000000228,'Caleb and Judah','\0'),(0000000728,0000000229,'Beef','\0'),(0000000729,0000000229,'Chicken','\0'),(0000000730,0000000229,'Manna',''),(0000000731,0000000229,'Bread','\0'),(0000000732,0000000230,'You shall not steal','\0'),(0000000733,0000000230,'You shall not commit adultery','\0'),(0000000734,0000000230,'You shall not kill',''),(0000000735,0000000230,'Remember the Sabbath Day','\0'),(0000000736,0000000231,'Aaron','\0'),(0000000737,0000000231,'Joshua','\0'),(0000000738,0000000231,'Moses',''),(0000000739,0000000231,'The Israelites','\0'),(0000000740,0000000232,'2 only','\0'),(0000000741,0000000232,'2 and 4',''),(0000000742,0000000232,'1, 2, 4','\0'),(0000000743,0000000232,'2, 3, 4','\0'),(0000000744,0000000233,'Zered',''),(0000000745,0000000233,'Euphrates','\0'),(0000000746,0000000233,'Pishon','\0'),(0000000747,0000000233,'Tigris','\0'),(0000000748,0000000234,'1, 2 and 3','\0'),(0000000749,0000000234,'2, 3, and 4',''),(0000000750,0000000234,'1, 2, 3 and 4','\0'),(0000000751,0000000234,'1 only','\0'),(0000000752,0000000235,'1, 2 and 3','\0'),(0000000753,0000000235,'3 only',''),(0000000754,0000000235,'2 and 3','\0'),(0000000755,0000000235,'1, 2, 3 and 4','\0'),(0000000756,0000000236,'Has scales but no fins','\0'),(0000000757,0000000236,'Has shells','\0'),(0000000758,0000000236,'Has fins and scales',''),(0000000759,0000000236,'Has fins but no scales','\0'),(0000000760,0000000237,'True','\0'),(0000000761,0000000237,'False',''),(0000000762,0000000238,'True','\0'),(0000000763,0000000238,'False',''),(0000000764,0000000239,'True','\0'),(0000000765,0000000239,'False',''),(0000000766,0000000240,'True','\0'),(0000000767,0000000240,'False',''),(0000000768,0000000241,'True',''),(0000000769,0000000241,'False','\0'),(0000000770,0000000242,'True',''),(0000000771,0000000242,'False','\0'),(0000000772,0000000243,'True',''),(0000000773,0000000243,'False','\0'),(0000000774,0000000244,'True','\0'),(0000000775,0000000244,'False',''),(0000000776,0000000245,'True',''),(0000000777,0000000245,'False','\0'),(0000000778,0000000246,'True','\0'),(0000000779,0000000246,'False',''),(0000000780,0000000247,'True','\0'),(0000000781,0000000247,'False',''),(0000000782,0000000248,'40 YEARS',''),(0000000783,0000000249,'Went by the way of the Red Sea',''),(0000000784,0000000250,'WE WILL FIND HIM',''),(0000000785,0000000251,'IN THE ARK',''),(0000000786,0000000252,'LIFE',''),(0000000787,0000000253,'THE PRIEST AND JUDGE OF THE LEVITES',''),(0000000788,0000000254,'HIS WORDS',''),(0000000789,0000000255,'HE SHALL BE KILLED',''),(0000000790,0000000256,'DEUTERONOMY 14',''),(0000000791,0000000257,'DEUTERONOMY 5',''),(0000000792,0000000258,'8th COMMANDMENT',''),(0000000793,0000000259,'3 days','\0'),(0000000794,0000000259,'30 days',''),(0000000795,0000000259,'300 days','\0'),(0000000796,0000000259,'3000 days','\0'),(0000000797,0000000260,'4 years','\0'),(0000000798,0000000260,'40 years',''),(0000000799,0000000260,'400 years','\0'),(0000000800,0000000260,'4000 years','\0'),(0000000801,0000000261,'Body','\0'),(0000000802,0000000261,'Arms','\0'),(0000000803,0000000261,'Head',''),(0000000804,0000000261,'Life','\0'),(0000000805,0000000262,'Ebal','\0'),(0000000806,0000000262,'Gilgal','\0'),(0000000807,0000000262,'Gerizim',''),(0000000808,0000000262,'Ur','\0'),(0000000809,0000000263,'Ebal',''),(0000000810,0000000263,'Gerizim','\0'),(0000000811,0000000263,'Ur','\0'),(0000000812,0000000263,'Gilgal','\0'),(0000000813,0000000264,'10','\0'),(0000000814,0000000264,'11','\0'),(0000000815,0000000264,'12',''),(0000000816,0000000264,'13','\0'),(0000000817,0000000265,'Left Hand','\0'),(0000000818,0000000265,'Right Hand',''),(0000000819,0000000265,'Left Side','\0'),(0000000820,0000000265,'Right Side','\0'),(0000000821,0000000266,'Haran','\0'),(0000000822,0000000266,'Canaan','\0'),(0000000823,0000000266,'Horeb','\0'),(0000000824,0000000266,'Moab',''),(0000000825,0000000267,'Because they are stiffnecked','\0'),(0000000826,0000000267,'Because they are strong','\0'),(0000000827,0000000267,'Because God is not with them',''),(0000000828,0000000267,'Because they worshipped idols','\0'),(0000000829,0000000268,'10','\0'),(0000000830,0000000268,'11','\0'),(0000000831,0000000268,'12',''),(0000000832,0000000268,'13','\0'),(0000000833,0000000269,'110','\0'),(0000000834,0000000269,'120',''),(0000000835,0000000269,'130','\0'),(0000000836,0000000269,'140','\0'),(0000000837,0000000270,'True',''),(0000000838,0000000270,'False','\0'),(0000000839,0000000271,'True','\0'),(0000000840,0000000271,'False',''),(0000000841,0000000272,'True','\0'),(0000000842,0000000272,'False',''),(0000000843,0000000273,'True','\0'),(0000000844,0000000273,'False',''),(0000000845,0000000274,'True',''),(0000000846,0000000274,'False','\0'),(0000000847,0000000275,'True','\0'),(0000000848,0000000275,'False',''),(0000000849,0000000276,'True','\0'),(0000000850,0000000276,'False',''),(0000000851,0000000277,'True',''),(0000000852,0000000277,'False','\0'),(0000000853,0000000278,'True',''),(0000000854,0000000278,'False','\0'),(0000000855,0000000279,'True','\0'),(0000000856,0000000279,'False',''),(0000000857,0000000280,'True','\0'),(0000000858,0000000280,'False',''),(0000000859,0000000281,'REUBENITES, GADITES & HALF OF THE TRIBE MANASSEH',''),(0000000860,0000000282,'DRIED IT UP',''),(0000000861,0000000283,'JERICHO',''),(0000000862,0000000284,'40000',''),(0000000863,0000000285,'CHHPGAJ',''),(0000000864,0000000286,'LEVI',''),(0000000865,0000000287,'BENJAMIN',''),(0000000866,0000000288,'JOSEPH',''),(0000000867,0000000289,'GAD',''),(0000000868,0000000290,'GILGAL',''),(0000000869,0000000291,'ASHER',''),(0000000870,0000000292,'112','\0'),(0000000871,0000000292,'115','\0'),(0000000872,0000000292,'210','\0'),(0000000873,0000000292,'110',''),(0000000874,0000000293,'Levi','\0'),(0000000875,0000000293,'Simeon','\0'),(0000000876,0000000293,'Judah',''),(0000000877,0000000293,'Benjamin','\0'),(0000000878,0000000294,'Achan',''),(0000000879,0000000294,'Achsah','\0'),(0000000880,0000000294,'Zebdi','\0'),(0000000881,0000000294,'Adoni - zedek','\0'),(0000000882,0000000295,'300','\0'),(0000000883,0000000295,'3,000',''),(0000000884,0000000295,'30,000','\0'),(0000000885,0000000295,'300,000','\0'),(0000000886,0000000296,'6','\0'),(0000000887,0000000296,'7','\0'),(0000000888,0000000296,'36',''),(0000000889,0000000296,'56','\0'),(0000000890,0000000297,'12','\0'),(0000000891,0000000297,'120','\0'),(0000000892,0000000297,'12,000',''),(0000000893,0000000297,'120,000','\0'),(0000000894,0000000298,'Melchizedek','\0'),(0000000895,0000000298,'Joshua','\0'),(0000000896,0000000298,'Benjamin','\0'),(0000000897,0000000298,'Adoni - zedek',''),(0000000898,0000000299,'3','\0'),(0000000899,0000000299,'4','\0'),(0000000900,0000000299,'5',''),(0000000901,0000000299,'6','\0'),(0000000902,0000000300,'Abra','\0'),(0000000903,0000000300,'Braa','\0'),(0000000904,0000000300,'Arba',''),(0000000905,0000000300,'Bara','\0'),(0000000906,0000000301,'Baal','\0'),(0000000907,0000000301,'Balaam',''),(0000000908,0000000301,'Bethel','\0'),(0000000909,0000000301,'Banjo','\0'),(0000000910,0000000302,'Eat','\0'),(0000000911,0000000302,'Walk','\0'),(0000000912,0000000302,'Shout',''),(0000000913,0000000302,'Cry','\0'),(0000000914,0000000303,'True','\0'),(0000000915,0000000303,'False',''),(0000000916,0000000304,'True',''),(0000000917,0000000304,'False','\0'),(0000000918,0000000305,'True','\0'),(0000000919,0000000305,'False',''),(0000000920,0000000306,'True',''),(0000000921,0000000306,'False','\0'),(0000000922,0000000307,'True','\0'),(0000000923,0000000307,'False',''),(0000000924,0000000308,'True','\0'),(0000000925,0000000308,'False',''),(0000000926,0000000309,'True','\0'),(0000000927,0000000309,'False',''),(0000000928,0000000310,'True','\0'),(0000000929,0000000310,'False',''),(0000000930,0000000311,'True',''),(0000000931,0000000311,'False','\0'),(0000000932,0000000312,'True',''),(0000000933,0000000312,'False','\0'),(0000000934,0000000313,'True',''),(0000000935,0000000313,'False','\0'),(0000000936,0000000314,'13 times',''),(0000000937,0000000315,'24',''),(0000000938,0000000316,'Gold, silver, bronze,iron',''),(0000000939,0000000317,'A Prostitute',''),(0000000940,0000000318,'Priesthood',''),(0000000941,0000000319,'The Book of Jashar',''),(0000000942,0000000320,'Rises and Rebuilds',''),(0000000943,0000000321,'a Javelin/Spear',''),(0000000944,0000000322,'Gibeon',''),(0000000945,0000000323,'Burned with fire',''),(0000000946,0000000324,'Levi',''),(0000000947,0000000325,'Sarah',''),(0000000948,0000000325,'Delilah','\0'),(0000000949,0000000325,'Eve','\0'),(0000000950,0000000325,'Mary Magdalene','\0'),(0000000951,0000000326,'True',''),(0000000952,0000000326,'False','\0'),(0000000953,0000000327,'Jesus Christ',''),(0000000954,0000000328,'Joshua','\0'),(0000000955,0000000328,'Eglon',''),(0000000956,0000000328,'Adoni - bezek','\0'),(0000000957,0000000328,'Og','\0'),(0000000958,0000000329,'Canaan','\0'),(0000000959,0000000329,'Horeb','\0'),(0000000960,0000000329,'Negeb',''),(0000000961,0000000329,'Egypt','\0'),(0000000962,0000000330,'Naomi','\0'),(0000000963,0000000330,'Ruth','\0'),(0000000964,0000000330,'Deborah',''),(0000000965,0000000330,'Darna','\0'),(0000000966,0000000331,'Jerubbaal',''),(0000000967,0000000331,'Israel','\0'),(0000000968,0000000331,'Adoni-bezek','\0'),(0000000969,0000000331,'Baal','\0'),(0000000970,0000000332,'Jael',''),(0000000971,0000000332,'Jerubbaal','\0'),(0000000972,0000000332,'Gideon','\0'),(0000000973,0000000332,'Samson','\0'),(0000000974,0000000333,'Gideon','\0'),(0000000975,0000000333,'Jephthah',''),(0000000976,0000000333,'Samson','\0'),(0000000977,0000000333,'Ehud','\0'),(0000000978,0000000334,'Ehud','\0'),(0000000979,0000000334,'Samson',''),(0000000980,0000000334,'Gideon','\0'),(0000000981,0000000334,'Shamgar','\0'),(0000000982,0000000335,'His hands','\0'),(0000000983,0000000335,'His eyes','\0'),(0000000984,0000000335,'His hair',''),(0000000985,0000000335,'His body','\0'),(0000000986,0000000336,'Jacob and Esau','\0'),(0000000987,0000000336,'Mahlon and Chilion',''),(0000000988,0000000336,'Joshua and Benjamin','\0'),(0000000989,0000000336,'Samson and Gideon','\0'),(0000000990,0000000337,'Orpah','\0'),(0000000991,0000000337,'Deborah','\0'),(0000000992,0000000337,'Delilah','\0'),(0000000993,0000000337,'Ruth',''),(0000000994,0000000338,'Ehud','\0'),(0000000995,0000000338,'Samson','\0'),(0000000996,0000000338,'Joshua','\0'),(0000000997,0000000338,'Gideon',''),(0000000998,0000000339,'True','\0'),(0000000999,0000000339,'False',''),(0000001000,0000000340,'True','\0'),(0000001001,0000000340,'False',''),(0000001002,0000000341,'True','\0'),(0000001003,0000000341,'False',''),(0000001004,0000000342,'True',''),(0000001005,0000000342,'False','\0'),(0000001006,0000000343,'True',''),(0000001007,0000000343,'False','\0'),(0000001008,0000000344,'True','\0'),(0000001009,0000000344,'False',''),(0000001010,0000000345,'True',''),(0000001011,0000000345,'False','\0'),(0000001012,0000000346,'True',''),(0000001013,0000000346,'False','\0'),(0000001014,0000000347,'True','\0'),(0000001015,0000000347,'False',''),(0000001016,0000000348,'True',''),(0000001017,0000000348,'False','\0'),(0000001018,0000000349,'True','\0'),(0000001019,0000000349,'False',''),(0000001020,0000000350,'FOUR (4)',''),(0000001021,0000000351,'Jebusites',''),(0000001022,0000000352,'Hammered with a tent peg on his temples',''),(0000001023,0000000353,'32000',''),(0000001024,0000000354,'His skull was crushed',''),(0000001025,0000000355,'Samson',''),(0000001026,0000000356,'His Daughter',''),(0000001027,0000000357,'9700',''),(0000001028,0000000358,'Himself',''),(0000001029,0000000359,'Ruth',''),(0000001030,0000000360,'Carcass of a Lion','');
/*!40000 ALTER TABLE `choices` ENABLE KEYS */;
UNLOCK TABLES;

--
-- Table structure for table `current`
--

DROP TABLE IF EXISTS `current`;
/*!40101 SET @saved_cs_client     = @@character_set_client */;
/*!40101 SET character_set_client = utf8 */;
CREATE TABLE `current` (
  `id` int(10) unsigned zerofill NOT NULL AUTO_INCREMENT,
  `name` varchar(30) NOT NULL,
  `value` varchar(30) NOT NULL,
  PRIMARY KEY (`id`),
  UNIQUE KEY `name_UNIQUE` (`name`)
) ENGINE=InnoDB AUTO_INCREMENT=2 DEFAULT CHARSET=utf8;
/*!40101 SET character_set_client = @saved_cs_client */;

--
-- Dumping data for table `current`
--
-- ORDER BY:  `id`

LOCK TABLES `current` WRITE;
/*!40000 ALTER TABLE `current` DISABLE KEYS */;
REPLACE INTO `current` (`id`, `name`, `value`) VALUES (0000000001,'Question','0');
/*!40000 ALTER TABLE `current` ENABLE KEYS */;
UNLOCK TABLES;

--
-- Table structure for table `games`
--

DROP TABLE IF EXISTS `games`;
/*!40101 SET @saved_cs_client     = @@character_set_client */;
/*!40101 SET character_set_client = utf8 */;
CREATE TABLE `games` (
  `id` int(10) unsigned zerofill NOT NULL AUTO_INCREMENT,
  `sequence` smallint(6) NOT NULL,
  `date` date NOT NULL,
  `finished` bit(1) DEFAULT b'0',
  PRIMARY KEY (`id`),
  UNIQUE KEY `sequence_UNIQUE` (`sequence`)
) ENGINE=InnoDB AUTO_INCREMENT=16 DEFAULT CHARSET=utf8;
/*!40101 SET character_set_client = @saved_cs_client */;

--
-- Dumping data for table `games`
--
-- ORDER BY:  `id`

LOCK TABLES `games` WRITE;
/*!40000 ALTER TABLE `games` DISABLE KEYS */;
REPLACE INTO `games` (`id`, `sequence`, `date`, `finished`) VALUES (0000000001,1,'2016-01-09',''),(0000000004,2,'2016-01-16',''),(0000000005,3,'2016-01-23',''),(0000000006,4,'2016-02-06',''),(0000000007,5,'2016-02-20',''),(0000000010,6,'2016-03-12',''),(0000000011,7,'2016-04-02',''),(0000000012,8,'2016-04-16',''),(0000000013,9,'2016-04-23',''),(0000000014,10,'2999-04-23',''),(0000000015,11,'2016-04-30','');
/*!40000 ALTER TABLE `games` ENABLE KEYS */;
UNLOCK TABLES;

--
-- Table structure for table `groups`
--

DROP TABLE IF EXISTS `groups`;
/*!40101 SET @saved_cs_client     = @@character_set_client */;
/*!40101 SET character_set_client = utf8 */;
CREATE TABLE `groups` (
  `id` int(10) unsigned zerofill NOT NULL AUTO_INCREMENT,
  `name` varchar(15) NOT NULL,
  `active` bit(1) NOT NULL DEFAULT b'1',
  PRIMARY KEY (`id`),
  UNIQUE KEY `name_UNIQUE` (`name`)
) ENGINE=InnoDB AUTO_INCREMENT=11 DEFAULT CHARSET=utf8;
/*!40101 SET character_set_client = @saved_cs_client */;

--
-- Dumping data for table `groups`
--
-- ORDER BY:  `id`

LOCK TABLES `groups` WRITE;
/*!40000 ALTER TABLE `groups` DISABLE KEYS */;
REPLACE INTO `groups` (`id`, `name`, `active`) VALUES (0000000001,'Genesis',''),(0000000002,'Samuel',''),(0000000003,'Isaiah',''),(0000000004,'Daniel',''),(0000000005,'John',''),(0000000006,'Acts','\0'),(0000000007,'Job','\0'),(0000000008,'Exodus',''),(0000000009,'Visitors',''),(0000000010,'Numbers','');
/*!40000 ALTER TABLE `groups` ENABLE KEYS */;
UNLOCK TABLES;

--
-- Table structure for table `levels`
--

DROP TABLE IF EXISTS `levels`;
/*!40101 SET @saved_cs_client     = @@character_set_client */;
/*!40101 SET character_set_client = utf8 */;
CREATE TABLE `levels` (
  `id` int(10) unsigned zerofill NOT NULL AUTO_INCREMENT,
  `name` varchar(15) NOT NULL,
  `score` tinyint(2) unsigned NOT NULL,
  `special` tinyint(2) unsigned NOT NULL,
  PRIMARY KEY (`id`),
  UNIQUE KEY `name_UNIQUE` (`name`)
) ENGINE=InnoDB AUTO_INCREMENT=4 DEFAULT CHARSET=utf8;
/*!40101 SET character_set_client = @saved_cs_client */;

--
-- Dumping data for table `levels`
--
-- ORDER BY:  `id`

LOCK TABLES `levels` WRITE;
/*!40000 ALTER TABLE `levels` DISABLE KEYS */;
REPLACE INTO `levels` (`id`, `name`, `score`, `special`) VALUES (0000000001,'Easy',3,5),(0000000002,'Average',5,5),(0000000003,'Hard',10,10);
/*!40000 ALTER TABLE `levels` ENABLE KEYS */;
UNLOCK TABLES;

--
-- Table structure for table `members`
--

DROP TABLE IF EXISTS `members`;
/*!40101 SET @saved_cs_client     = @@character_set_client */;
/*!40101 SET character_set_client = utf8 */;
CREATE TABLE `members` (
  `id` int(10) unsigned zerofill NOT NULL AUTO_INCREMENT,
  `group` int(10) unsigned zerofill NOT NULL,
  `name` varchar(100) NOT NULL,
  PRIMARY KEY (`id`),
  UNIQUE KEY `groupname` (`group`,`name`),
  CONSTRAINT `member_group` FOREIGN KEY (`group`) REFERENCES `groups` (`id`) ON DELETE NO ACTION ON UPDATE NO ACTION
) ENGINE=InnoDB DEFAULT CHARSET=utf8;
/*!40101 SET character_set_client = @saved_cs_client */;

--
-- Dumping data for table `members`
--
-- ORDER BY:  `id`

LOCK TABLES `members` WRITE;
/*!40000 ALTER TABLE `members` DISABLE KEYS */;
/*!40000 ALTER TABLE `members` ENABLE KEYS */;
UNLOCK TABLES;

--
-- Table structure for table `questions`
--

DROP TABLE IF EXISTS `questions`;
/*!40101 SET @saved_cs_client     = @@character_set_client */;
/*!40101 SET character_set_client = utf8 */;
CREATE TABLE `questions` (
  `id` int(10) unsigned zerofill NOT NULL AUTO_INCREMENT,
  `game` int(10) unsigned zerofill NOT NULL,
  `level` int(10) unsigned zerofill NOT NULL,
  `sequence` tinyint(2) unsigned NOT NULL,
  `passplay` bit(1) NOT NULL DEFAULT b'0',
  `question_statement` tinytext NOT NULL,
  `bible_reference` varchar(500) DEFAULT NULL,
  `choices_layout` char(3) NOT NULL,
  PRIMARY KEY (`id`),
  KEY `question_game_idx` (`game`),
  KEY `question_difficulty_idx` (`level`),
  CONSTRAINT `question_difficulty` FOREIGN KEY (`level`) REFERENCES `levels` (`id`) ON DELETE NO ACTION ON UPDATE NO ACTION,
  CONSTRAINT `question_game` FOREIGN KEY (`game`) REFERENCES `games` (`id`) ON DELETE NO ACTION ON UPDATE NO ACTION
) ENGINE=InnoDB AUTO_INCREMENT=361 DEFAULT CHARSET=utf8;
/*!40101 SET character_set_client = @saved_cs_client */;

--
-- Dumping data for table `questions`
--
-- ORDER BY:  `id`

LOCK TABLES `questions` WRITE;
/*!40000 ALTER TABLE `questions` DISABLE KEYS */;
REPLACE INTO `questions` (`id`, `game`, `level`, `sequence`, `passplay`, `question_statement`, `bible_reference`, `choices_layout`) VALUES (0000000033,0000000001,0000000001,1,'\0','What did God make on the fourth day of creation?',NULL,'2x2'),(0000000034,0000000001,0000000001,2,'\0','Which part in Eden was the garden planted?',NULL,'1x4'),(0000000035,0000000001,0000000001,3,'\0','Where did God tell Abraham to sacrifice Isaac his son?',NULL,'1x4'),(0000000036,0000000001,0000000001,4,'\0','Who is the king of Gerar who believed Abraham that Sarah is his sister and welcomed them in their land?',NULL,'2x2'),(0000000037,0000000001,0000000001,5,'\0','In which mountain did the ark rest?',NULL,'2x2'),(0000000038,0000000001,0000000001,6,'\0','How long did the rain last when God flooded the earth in the time of Noah?',NULL,'2x2'),(0000000039,0000000001,0000000001,7,'\0','What animal deceived Eve?',NULL,'1x4'),(0000000040,0000000001,0000000001,8,'\0','What does Eve mean?',NULL,'2x2'),(0000000041,0000000001,0000000001,9,'\0','Abram heard Lot was taken as a captive and he armed his trained servants to save Lot. How many are they?',NULL,'1x4'),(0000000042,0000000001,0000000001,10,'\0','Who is the oldest man in the bible?',NULL,'2x2'),(0000000043,0000000001,0000000002,11,'\0','Dust + Bread of Life\r\n =\r\n A living soul (man)',NULL,'1x2'),(0000000044,0000000001,0000000002,12,'\0','Circumcision is the token of the covenant between Abraham and his seed and God.',NULL,'1x2'),(0000000045,0000000001,0000000002,13,'\0','The Lord said to Abraham, \"I will make thy seed as the leaves of the earth\".',NULL,'1x2'),(0000000046,0000000001,0000000002,14,'\0','Lamech had two wives, Ana and Zillah.',NULL,'1x2'),(0000000047,0000000001,0000000002,15,'\0','The Lord will bring flood of water unto the earth which will destroy every flesh and every living thing and everything that is on earth shall die.',NULL,'1x2'),(0000000048,0000000001,0000000002,16,'\0','Abel was a tiller of the ground and Cain was a keeper of sheep.',NULL,'1x2'),(0000000049,0000000001,0000000002,17,'\0','The Lord said, Whosoever slayeth Cain, vengeance shall be taken on him seventy times sevenfold.',NULL,'1x2'),(0000000050,0000000001,0000000002,18,'\0','The name of the tower was called Babylon because the Lord did there confound the language of all the earth.',NULL,'1x2'),(0000000051,0000000001,0000000002,19,'\0','The waters prevailed upon the face of the earth a hundred and fifty five days',NULL,'1x2'),(0000000052,0000000001,0000000002,20,'\0','The tower of Babel has been destroyed by fire.',NULL,'1x2'),(0000000053,0000000001,0000000003,21,'\0','What happened to Lot\'s wife when he looked back at Sodom and Gomorrah while it is being destroyed.',NULL,'1x1'),(0000000054,0000000001,0000000003,22,'\0','When Sarah heard that the Lord will give her a son, what was her reaction?',NULL,'1x1'),(0000000055,0000000001,0000000003,23,'\0','What wood was the ark made of?',NULL,'1x1'),(0000000056,0000000001,0000000003,24,'\0','What leaf did the dove bring to Noah to know that the waters of the flood subsided already?',NULL,'1x1'),(0000000057,0000000001,0000000003,25,'\0','Who walked with God at the age of 365 and did not experience death?',NULL,'1x1'),(0000000058,0000000001,0000000003,26,'\0','He is the son of Cush who is a mighty one on earth and a mighty hunter before the Lord.',NULL,'1x1'),(0000000059,0000000001,0000000003,27,'\0','Cain slew his brother, and the Lord asked him about his brother. What was Cain\'s answer?',NULL,'1x1'),(0000000060,0000000001,0000000003,28,'\0','Why did the people build the tower of Babel?',NULL,'1x1'),(0000000061,0000000001,0000000003,29,'\0','Why didn\'t God accept Cain\'s offer?',NULL,'1x1'),(0000000062,0000000001,0000000003,30,'\0','What is the purpose of the flood? ',NULL,'1x1'),(0000000068,0000000004,0000000001,1,'\0','Where did Isaac dwell after Abraham died? ',NULL,'1x4'),(0000000069,0000000004,0000000001,2,'\0','Which part of Jacob\'s body did Rebekah put the skins of the kids of the goats so Jacob can pretend that he is Esau? ',NULL,'2x2'),(0000000070,0000000004,0000000001,3,'\0','Where did Jacob hide his people\'s idols like earrings and bracelets and also the tree where Rebekah buried?',NULL,'2x2'),(0000000071,0000000004,0000000001,4,'\0','What mountain did Laban and his people overtook Jacob when he fleed to Canaan without Laban\'s knowledge?',NULL,'2x2'),(0000000072,0000000004,0000000001,5,'\0','What is the name given to the place where Jacob saw God face to face, and his life is preserved? ',NULL,'2x2'),(0000000073,0000000004,0000000001,6,'\0','Who is the only daughter of Jacob? ',NULL,'1x4'),(0000000074,0000000004,0000000001,7,'\0','What is the name of Judah\'s first child who is the husband of Thamar? ',NULL,'1x4'),(0000000075,0000000004,0000000001,8,'\0','What was on the head of the chief baker\'s dream?',NULL,'2x2'),(0000000076,0000000004,0000000001,9,'\0','Who is the most loved son of Israel? ',NULL,'2x2'),(0000000077,0000000004,0000000001,10,'\0','How many pieces of money did Jacob buy from King Hamor the parcel of the field where he put up his tent in the city of Sichem? ',NULL,'1x4'),(0000000078,0000000004,0000000002,11,'\0','Esau helped Jacob deceive Isaac',NULL,'1x2'),(0000000079,0000000004,0000000002,12,'\0','They named the well Rehoboth because the Lord made room for the people of Isaac',NULL,'1x2'),(0000000080,0000000004,0000000002,13,'\0','Jacob knew that Rachel had stolen the images that were her fathers',NULL,'1x2'),(0000000081,0000000004,0000000002,14,'\0','Jacob call the heap of stones Galeed as a witness of his covenant with Laban',NULL,'1x2'),(0000000082,0000000004,0000000002,15,'\0','Jacob\'s name was changed into Israel for he has power with God and with men and he has prevailed',NULL,'1x2'),(0000000083,0000000004,0000000002,16,'\0','The Israelites sold Joseph in Egypt unto Potiphar',NULL,'1x2'),(0000000084,0000000004,0000000002,17,'\0','The chief butler remembered Joseph when he was restored in his position',NULL,'1x2'),(0000000085,0000000004,0000000002,18,'\0','Bilhah is Lea\'s handmaid and Zilpah is Rachel\'s handmaid',NULL,'1x2'),(0000000086,0000000004,0000000002,19,'\0','Jacob poured water on the stones he used for sleeping to remember the place as the house of God',NULL,'1x2'),(0000000087,0000000004,0000000002,20,'\0','Gad and Asher are the sons of Jacob from Zilpah',NULL,'1x2'),(0000000088,0000000004,0000000003,21,'\0','How much does Jacob returns if God gives him something?',NULL,'1x1'),(0000000089,0000000004,0000000003,22,'\0','What were the angels doing on Jacob\'s dream of a ladder from earth to heaven?',NULL,'1x1'),(0000000090,0000000004,0000000003,23,'\0','They are the people who envied Isaac because he became very great',NULL,'1x1'),(0000000091,0000000004,0000000003,24,'\0','What is the color of the thread the midwife put on the hands of Thamar\'s baby?',NULL,'1x1'),(0000000092,0000000004,0000000003,25,'\0','What animal owns the blood where they dipped Jospeh\'s colorful coat? ',NULL,'1x1'),(0000000093,0000000004,0000000003,26,'\0','In Joseph\'s dream, what represented his father, mother and brothers who bowed down unto him? ',NULL,'1x1'),(0000000094,0000000004,0000000003,27,'\0','Hamor, Sichem and his male people were killed by what? ',NULL,'1x1'),(0000000095,0000000004,0000000003,28,'\0','What name did Jacob give to the place where the angels of God met him and he said \"This is God\'s host\".',NULL,'1x1'),(0000000096,0000000004,0000000003,29,'\0','What is the food Jacob gave Esau in exchange of his birthright',NULL,'1x1'),(0000000097,0000000004,0000000003,30,'\0','How can Jacob distinguish his flock from Laban\'s flock?',NULL,'1x1'),(0000000100,0000000005,0000000001,1,'\0','What characteristics of a person did Joseph tell Pharaoh to look for to set over the land of Egypt?',NULL,'4x1'),(0000000101,0000000005,0000000001,2,'\0','Joseph\'s brothers didn\'t know he understands what they say because he spoke to them by what? ',NULL,'2x2'),(0000000102,0000000005,0000000001,3,'\0','What did Joseph ask his men to put on Benjamin\'s sack?',NULL,'2x2'),(0000000103,0000000005,0000000001,4,'\0','It is the best land in Egypt',NULL,'2x2'),(0000000104,0000000005,0000000001,5,'\0','The two Hebrew midwives who were asked by the king of Egypt to kill the newborn male babies',NULL,'2x2'),(0000000105,0000000005,0000000001,6,'\0','Jacob was embalmed for how many days?',NULL,'1x4'),(0000000106,0000000005,0000000001,7,'\0','The son of Jacob who shall judge his people as one of the tribes of Israel',NULL,'2x2'),(0000000107,0000000005,0000000001,8,'\0','What did Moses do to his child why Zipporah told him that he is a bloody husband? ',NULL,'2x2'),(0000000108,0000000005,0000000001,9,'\0','What did God ask Moses to remove because he is standing on a holy ground? ',NULL,'1x4'),(0000000109,0000000005,0000000001,10,'\0','Who is the son of Moses? ',NULL,'2x2'),(0000000110,0000000005,0000000002,11,'\0','The chief butler remembered Joseph when Pharoah is looking for someone to interpret his dream.',NULL,'1x2'),(0000000111,0000000005,0000000002,12,'\0','In Pharaoah\'s dream, The lean and ill - favoured kine got fat when they ate the fat and well - favoured kine.',NULL,'1x2'),(0000000112,0000000005,0000000002,13,'\0','Manasseh and Ephraim are born after the famine came. ',NULL,'1x2'),(0000000113,0000000005,0000000002,14,'\0','Egyptians love to dine with Hebrews.',NULL,'1x2'),(0000000114,0000000005,0000000002,15,'\0','God has sent Joseph to Egypt before his brothers to preserve their life.',NULL,'1x2'),(0000000115,0000000005,0000000002,16,'\0','I AM has sent Moses to Egypt to save the Israelites',NULL,'1x2'),(0000000116,0000000005,0000000002,17,'\0','Moses is from the tribe of JUDAH',NULL,'1x2'),(0000000117,0000000005,0000000002,18,'\0','Moses was hid by his mother for 3 days.',NULL,'1x2'),(0000000118,0000000005,0000000002,19,'\0','Moses slew an Egyptian and he hid him in the grasses.',NULL,'1x2'),(0000000119,0000000005,0000000002,20,'\0','When Jacob died, Joseph\'s brothers thought that he will certainly love them more',NULL,'1x2'),(0000000120,0000000005,0000000003,21,'\0',' Who did Pharaoh call first to interpret his dreams?',NULL,'1x1'),(0000000121,0000000005,0000000003,22,'\0','What name did the Pharaoah give to Joseph?',NULL,'1x1'),(0000000122,0000000005,0000000003,23,'\0','How did Jacob and his sons felt when they saw their own bundles of money in the sacks of corn they bought from Egypt?',NULL,'1x1'),(0000000123,0000000005,0000000003,24,'\0','Name 3 presents Jacob asked his sons to bring to the ruler of Egypt when they went back to buy some more food',NULL,'1x1'),(0000000124,0000000005,0000000003,25,'\0','Jacob did not believe his sons that Joseph is alive. But he saw something that revived his soul in believing Jospeh is really alive. What are those?',NULL,'1x1'),(0000000125,0000000005,0000000003,26,'\0',' The only land in Egypt that Pharoah did not buy.',NULL,'1x1'),(0000000126,0000000005,0000000003,27,'\0','What did Jacob do that displeased his son Joseph?',NULL,'1x1'),(0000000127,0000000005,0000000003,28,'\0','What did Moses do when his crib was opened?',NULL,'1x1'),(0000000128,0000000005,0000000003,29,'\0','The son of Jacob who is a fruitful bough, even a fruitful bough by a well, whose branches run over the wall',NULL,'1x1'),(0000000129,0000000005,0000000003,30,'\0','He is the son of Jacob who is a hind let loose that giveth goodly words',NULL,'1x1'),(0000000130,0000000006,0000000001,1,'\0','What happened to Aaron\'s rod when he casted it before Pharoah? What did it become too? ','','1x4'),(0000000131,0000000006,0000000001,2,'\0','The total years the Israelites dwelt in Egypt',NULL,'1x4'),(0000000132,0000000006,0000000001,3,'\0','Dry land appeared in the midst of the sea when Moses lifted up his rod and stretched out his hand. What is the name of the sea?',NULL,'2x2'),(0000000133,0000000006,0000000001,4,'\0','How many chariots did Pharaoh send forth to go after the Israelites?','','1x4'),(0000000134,0000000006,0000000001,5,'\0','What month did the Israelites came out of Egypt? ','','1x4'),(0000000135,0000000006,0000000001,6,'\0','How many days of the week should the Israelites gather Manna?','','1x4'),(0000000136,0000000006,0000000001,7,'\0','How long did the Israelites eat Manna for?',NULL,'1x4'),(0000000137,0000000006,0000000001,8,'\0','To remember the day the people of Israelites came out of Egypt, how long should the Israelites eat unleavened bread?','','1x4'),(0000000138,0000000006,0000000001,9,'\0','The Israelites went in the wilderness of Shur and found no water for how many days?','','4x1'),(0000000139,0000000006,0000000001,10,'\0','The Israelites came to this place and could not drink the water thereof because it is bitter. What is the place?','','1x4'),(0000000140,0000000006,0000000002,11,'\0','Caleb was the one Moses had chosen to fight against Amalekites',NULL,'1x2'),(0000000141,0000000006,0000000002,12,'\0','\"Remember the Sabbath day to keep it holy\" is the fourth commandment',NULL,'1x2'),(0000000142,0000000006,0000000002,13,'\0','\"Thou shalt not kill\" is the seventh commandment of the Lord',NULL,'1x2'),(0000000143,0000000006,0000000002,14,'\0','One of the the Lord\'s commandment for us is to make a graven image or any likeness of anything that is in heaven and earth and the waters under the earth',NULL,'1x2'),(0000000144,0000000006,0000000002,15,'\0','Moses told the people to be ready on the fourth day. For in the fourth day, the Lord will come down in the sight of all the people upon Mt. Sinai',NULL,'1x2'),(0000000145,0000000006,0000000002,16,'\0','The Lord said, \"He that smiteth his mother or father should surely go to heaven\"',NULL,'1x2'),(0000000146,0000000006,0000000002,17,'\0','Aaron cast down his rod before Pharaoh and before his servants and it became a serpent',NULL,'1x2'),(0000000147,0000000006,0000000002,18,'\0','All of the Israelites did not go out to gather Manna on the Seventh day',NULL,'1x2'),(0000000148,0000000006,0000000002,19,'\0','When the sun waxed hot, Manna melted',NULL,'1x2'),(0000000149,0000000006,0000000002,20,'\0','Thou shall covet thy neighbor\'s house, thou shall covet thy neighbor\'s wife, and his manservant, and his maidservant, and his ox, and his ass, and everything that is thy neighbors',NULL,'1x2'),(0000000150,0000000006,0000000003,21,'\0','The ark that the Lord told Moses to make shoud be made out of what kind of wood? ',NULL,'1x1'),(0000000151,0000000006,0000000003,22,'\0','What should you not do when you lend money to any of God\'s people?',NULL,'1x1'),(0000000152,0000000006,0000000003,23,'\0','Manna was like Coriander seed and is white. How does it taste like?',NULL,'1x1'),(0000000153,0000000006,0000000003,24,'\0','What can you see in Elim? ',NULL,'1x1'),(0000000154,0000000006,0000000003,25,'\0','Whose bones did Moses take when they went out of Egypt? ',NULL,'1x1'),(0000000155,0000000006,0000000003,26,'\0','In which book, chapter, and verses will we find the ten commandments of God? ',NULL,'1x1'),(0000000156,0000000006,0000000003,27,'\0','The plague that has made all of Egypt cry loud',NULL,'1x1'),(0000000157,0000000006,0000000003,28,'\0','Where should the Israelites put the blood of unblemished lamb so they can be saved from the last plague? ',NULL,'1x1'),(0000000158,0000000006,0000000003,29,'\0','Aaron stretched out his hand with his rod and smote the dust of the earth, What did the dust of man become? ',NULL,'1x1'),(0000000159,0000000006,0000000003,30,'\0','The only plague that comes from the heavens',NULL,'1x1'),(0000000160,0000000007,0000000001,1,'\0','How did the Lord described the Israelites? ',NULL,'2x2'),(0000000161,0000000007,0000000001,2,'\0','How many table(s) of stones were the commandments written? ',NULL,'2x2'),(0000000162,0000000007,0000000001,3,'\0','Moses got the two tables of stones from the Lord in what mountain?',NULL,'2x2'),(0000000163,0000000007,0000000001,4,'\0','The board of the tabernacle, the incense altar and the altar of burnt offering was made of what kind of wood? ',NULL,'2x2'),(0000000164,0000000007,0000000001,5,'\0','What did the Israelites make that put Moses to anger when he saw this? ',NULL,'2x2'),(0000000165,0000000007,0000000001,6,'\0','The candlesticks that the Lord has told Moses to make should be out of?',NULL,'1x4'),(0000000166,0000000007,0000000001,7,'','The children of Israel stripped themselves of their ornaments by what mountain? ',NULL,'2x2'),(0000000167,0000000007,0000000001,8,'\0','Whose tribe came to Moses when he said \"Who is on the Lord\'s side\"?',NULL,'2x2'),(0000000168,0000000007,0000000001,9,'\0','When the glory of the Lord shall pass, what would cover Moses  so he will not see the Lord?','','2x2'),(0000000169,0000000007,0000000001,10,'\0','How many men fell when the children of Levi did what Moses commanded them to do?',NULL,'1x4'),(0000000170,0000000007,0000000001,11,'\0','How many days should we do all our work?',NULL,'1x4'),(0000000171,0000000007,0000000002,12,'\0','The tables where the commandments are written were the work of God and the writing was the writing of God.',NULL,'1x2'),(0000000172,0000000007,0000000002,13,'\0','Whosoever doeth work in the Sabbath day shall surely be put to prison',NULL,'1x2'),(0000000173,0000000007,0000000002,14,'\0','Moses was angry at the Israelites when he saw the molten calf and the people dancing. And he cast the tables where the ten commandments were written on top of the mountain and was broken',NULL,'1x2'),(0000000174,0000000007,0000000002,15,'\0','You shall not kindle fire in your places on Sabbath day. ',NULL,'1x2'),(0000000175,0000000007,0000000002,16,'\0','We shall not worship other gods for the Lord is an angry God',NULL,'1x2'),(0000000176,0000000007,0000000002,17,'\0','Fire covered the tent of the congregation and the glory of the Lord filled the tabernacle',NULL,'1x2'),(0000000177,0000000007,0000000002,18,'','Moses asked the Lord to blot his name out of the book if the Lord can not forgive the Israelites',NULL,'1x2'),(0000000178,0000000007,0000000002,19,'\0','Moses took the calf they made and burnt it in fire and ground it to powder and made the Israelites eat it',NULL,'1x2'),(0000000179,0000000007,0000000002,20,'\0','On the seventh day of the first month shall the tabernacle of the tent of congregation shall be set up',NULL,'1x2'),(0000000180,0000000007,0000000002,21,'\0','When doing a meat offering unto the Lord, the offering shall be of fine flour and has oil and frankinsence with it',NULL,'1x2'),(0000000181,0000000007,0000000002,22,'\0','The sacrifice for peace offering should be of the herd, whether male or female and with blemish before the Lord',NULL,'1x2'),(0000000182,0000000007,0000000003,23,'\0','What did Moses do with the Molten Calf he has burned and ground to powder?',NULL,'1x1'),(0000000183,0000000007,0000000003,24,'\0','Moses took the tabernacle and pitched it withouth the camp and afar off from the camp. And what name did he call it? ',NULL,'1x1'),(0000000184,0000000007,0000000003,25,'\0','In the laws of promises, how many times shall all men children appear before the Lord? ',NULL,'1x1'),(0000000185,0000000007,0000000003,26,'\0','The son of Uri that was filled with the spirit of God, in wisdom, in understanding, in knowledge, and in all manner of workmanship? ',NULL,'1x1'),(0000000186,0000000007,0000000003,27,'\0','What is the molten calf made of? ',NULL,'1x1'),(0000000187,0000000007,0000000003,28,'\0','What was Aaron\'s explanation on how the molten calf was made? ',NULL,'1x1'),(0000000188,0000000007,0000000003,29,'\0','Bezaleel is from the tribe of?',NULL,'1x1'),(0000000189,0000000007,0000000003,30,'','The clothes of service that should be used in the holy place and also the holy garments of Aaron are made of what color? ',NULL,'1x1'),(0000000190,0000000007,0000000003,31,'\0','If a soul has touched unclean things, what offering should be made for his tresspass? ',NULL,'1x1'),(0000000191,0000000007,0000000003,32,'\0','What did Aaron use to make the molten calf? ',NULL,'1x1'),(0000000192,0000000007,0000000003,33,'\0','What color is the molten calf that Aaron has made? ',NULL,'1x1'),(0000000193,0000000010,0000000001,1,'\0','What are the sacrifices of of the Israelites for sin and burnt offering?','Lev. 9:3','4x1'),(0000000194,0000000010,0000000001,2,'\0','Aaron is Uzziel\'s?','Lev. 10:4','2x2'),(0000000195,0000000010,0000000001,3,'\0','Who brought the Isrealites out of Egypt? ','','1x4'),(0000000196,0000000010,0000000001,4,'\0','According to the book of Leviticus, when should a baby be circumcised?','Lev. 12:3','1x4'),(0000000197,0000000010,0000000001,5,'\0','If a woman who has given birth cannot offer a lamb when the purification is fulfilled what can she offer instead?','Lev. 12:8','4x1'),(0000000198,0000000010,0000000001,6,'\0','Which of the animals that are in water can we eat?','Lev. 11','1x4'),(0000000199,0000000010,0000000001,7,'','The animals that are not cloven - footed and does not chew the cud are considered?','Lev. 11:3','2x2'),(0000000200,0000000010,0000000001,8,'\0','The life of the flesh is in the','Lev. 17:11','1x4'),(0000000201,0000000010,0000000001,9,'\0','From what tribe did the Israelitish woman who blasphemed the Lord come from?','Lev. 24:11','1x4'),(0000000202,0000000010,0000000001,10,'\0','How many legs of the fowls that creep are abomination to us? ','Lev. 11:20','1x4'),(0000000203,0000000010,0000000001,11,'\0','Which can we eat from the following?','Lev. 11','1x4'),(0000000204,0000000010,0000000002,12,'\0','Aaron shall take a kid of the goat for sin offering and a calf and a lamb for burnt offering. ','Lev. 9:2','1x2'),(0000000205,0000000010,0000000002,13,'\0','The Lord consumed upon the altar the burnt offering and the fat; which when all people saw they shouted and fell on their faces.','Lev. 10:24','1x2'),(0000000206,0000000010,0000000002,14,'\0',' Moses told Eleazar and Ithamar to eat the meat offering that was left beside the altar and they have done what Moses hath said.','Lev. 10:12','1x2'),(0000000207,0000000010,0000000002,15,'\0','We can eat the insects that have 8 - 10 legs','Lev. 11','1x2'),(0000000208,0000000010,0000000002,16,'\0','A woman shall be unclean for three weeks if she conceived a female child','Lev. 12:5','1x2'),(0000000209,0000000010,0000000002,17,'\0','It is ok to tell white lies','Lev. 19:11','1x2'),(0000000210,0000000010,0000000002,18,'','The Lord has said that we can sometimes eat something that has blood in it','','1x2'),(0000000211,0000000010,0000000002,19,'\0',' It is okay to believe in enchantments and observe times','Lev. 19:26','1x2'),(0000000212,0000000010,0000000002,20,'\0','We are allowed to go to the wizards if the doctors can\'t cure our illnesses','Lev. 19:21','1x2'),(0000000213,0000000010,0000000002,21,'\0','Thou shall not curse the deaf and put a stumbling block on the before the blind','Lev. 19:14','1x2'),(0000000214,0000000010,0000000002,22,'\0','Breach for breach, eye for eye, tooth for tooth; whatsoever you have done to your neighbor shall be done unto you.','Lev. 25: 20, 21','1x2'),(0000000215,0000000010,0000000003,23,'\0','How did Nadab and Abihu die? ','','1x1'),(0000000216,0000000010,0000000003,24,'\0','Describe the animals on land that we can eat','Lev. 11:3','1x1'),(0000000217,0000000010,0000000003,25,'\0','Name two animals on land that was stated in the bible that we can not eat. ','Lev. 11:4-7','1x1'),(0000000218,0000000010,0000000003,26,'\0','Describe the animals on water that we can eat','Lev. 11:9','1x1'),(0000000219,0000000010,0000000003,27,'\0','Name two kinds of fowls that can not be eaten as stated in the bible','Lev. 11:15-19','1x1'),(0000000220,0000000010,0000000003,28,'\0','Describe the creeping animals(insects) that we can eat','Lev. 11:21','1x1'),(0000000221,0000000010,0000000003,29,'\0','What should a woman who have given birth offer to the Lord as an offering after her purification?','Lev. 12:6','1x1'),(0000000222,0000000010,0000000003,30,'','What punishment should be done to those who blaspheme?','Lev. 24:14','1x1'),(0000000223,0000000010,0000000003,31,'\0','What disease characterizes the ff: a rising scab Or bright spot that has hair which turned white and is deeper than the skin of his flesh ','Lev. 13','1x1'),(0000000224,0000000010,0000000003,32,'\0','What punishment is given to someone who hath killeth a man? ','Lev. 25:21','1x1'),(0000000225,0000000010,0000000003,33,'\0','What does the bible say that we should not regard, or seek, or be defiled by them','Lev. 19:31','1x1'),(0000000226,0000000011,0000000001,1,'\0','Who is the king of Bashan?','Deut. 1:4','2x2'),(0000000227,0000000011,0000000001,2,'\0','Who wrote on the tables of stones Moses shaped?','Deut. 10:2','2x2'),(0000000228,0000000011,0000000001,3,'\0','Whose people were the ones who can enter the promised \r\r\nland?','Deut. 2:36 - 38','2x2'),(0000000229,0000000011,0000000001,4,'\0','What did the Israelites eat in the wilderness?','Deut. 8:16','2x2'),(0000000230,0000000011,0000000001,5,'\0','What is the 6th commandment?','Deut. 5:17','4x1'),(0000000231,0000000011,0000000001,6,'\0','The Lord was angry at him so he also was not allowed to \r\r\nenter the promised land','Deut. 2:37','2x2'),(0000000232,0000000011,0000000001,7,'','1. Camel	      2. Cow       \r\n    3. Pig      4. Deer\r\n\r\nWhich of the following can we eat?','Deut. 14','2x2'),(0000000233,0000000011,0000000001,8,'\0','The brook where the Israelites went over?','Deut. 2:13','2x2'),(0000000234,0000000011,0000000001,9,'\0','1. Quail	   2. Raven \r\n	3. Eagle	    4. Pelican\r\n\r\nWhich of the following can we NOT eat? ','Deut. 14','2x2'),(0000000235,0000000011,0000000001,10,'\0','1. Shrimp	   2. Lobster \r\n	3. Milkfish       4. Crabs\r\n\r\nWhich of the following can we eat?','Deut. 14','2x2'),(0000000236,0000000011,0000000001,11,'\0','What animals that dwell in the water that can we eat? ','Deut. 14','4x1'),(0000000237,0000000011,0000000002,12,'\0','In judgment, forget about the small and choose the side of the \r\r\ngreat.','Deut. 1:17','1x2'),(0000000238,0000000011,0000000002,13,'\0','The Lord God is an angry God. But he will not forsake you \r\r\nnor destroy you.','Deut. 4:31','1x2'),(0000000239,0000000011,0000000002,14,'\0','You shall love the Lord with all your heart, with all \r\r\nyour soul, and with all your body.','Deut. 6:5','1x2'),(0000000240,0000000011,0000000002,15,'\0','We can sometimes tempt the Lord our God.','Deut. 6:16','1x2'),(0000000241,0000000011,0000000002,16,'\0','Our God is a faithful God.','Deut. 7:9','1x2'),(0000000242,0000000011,0000000002,17,'\0','The Lord has commanded that we should love strangers.','Deut. 10:19','1x2'),(0000000243,0000000011,0000000002,18,'','If you diligently keep all the commandments the Lord has \r\r\ncommanded you to do, you will become greater nations and \r\r\nmightier than yourselves.','Deut. 11: 22-23','1x2'),(0000000244,0000000011,0000000002,19,'\0','When we are hungry, we can eat abominable things.','Deut. 14:3','1x2'),(0000000245,0000000011,0000000002,20,'\0','You are a holy people and was chosen by God to be a \r\r\npeculiar people unto him.','Deut. 15:2','1x2'),(0000000246,0000000011,0000000002,21,'\0','Every creditor that lends ought to his neighbor shall \r\r\nnot release it and will ask for his payment repeatedly.','Deut. 15:2','1x2'),(0000000247,0000000011,0000000002,22,'\0','The woman shall wear that which pertaineth to a man, and \r\r\na man can put on a woman\'s garment.','Deut. 22:5','1x2'),(0000000248,0000000011,0000000003,23,'\0','How long did the Israelites travel in the wilderness?','Deut. 2:7','1x1'),(0000000249,0000000011,0000000003,24,'\0','What happened to the Israelites who weren\'t able to enter \r\r\nthe promised land?','Deut. 2:40','1x1'),(0000000250,0000000011,0000000003,25,'\0','What will happen if we seek God with all our heart and \r\r\nwith all our soul?','Deut. 4:29','1x1'),(0000000251,0000000011,0000000003,26,'\0','Where should Moses put the tables of stones where the \r\r\ncommandment was written?','Deut. 10:3','1x1'),(0000000252,0000000011,0000000003,27,'\0','We should not eat blood for the blood is the _____ of the \r\r\nflesh.','Deut. 12:23','1x1'),(0000000253,0000000011,0000000003,28,'\0','If a matter is too hard in judgment between blood and \r\r\nblood, between plea and plea and between stroke and stroke, \r\r\nwho should the Israelties seek to show sentence of their \r\r\njudgments?','Deut. 17: 8 and 9','1x1'),(0000000254,0000000011,0000000003,29,'\0','The Lord will raise a Prophet from his children. What \r\r\nwill the Lord put unto the mouth of this Prophet? ','Deut. 18:18','1x1'),(0000000255,0000000011,0000000003,30,'','What is the punishment to the Prophet who has spoken \r\r\nwords which the Lord has not commanded him to speak, or if \r\r\nhe spoke of other Gods?','Deut. 18:20','1x1'),(0000000256,0000000011,0000000003,31,'\0','In which chapter in Deuteronomy can we find the laws \r\r\nconcerning food?','Deut. 14','1x1'),(0000000257,0000000011,0000000003,32,'\0','In which chapter in Deuteronomy can we find the 10 \r\r\ncommandments of God?','Deut. 5','1x1'),(0000000258,0000000011,0000000003,33,'\0',' What is the number of this commandment? \"Thou shall not \r\r\nsteal\"?','Deut. 5','1x1'),(0000000259,0000000012,0000000001,1,'\0','How long did the Israelites mourn for the death of Moses?','Deut. 34:8','2x2'),(0000000260,0000000012,0000000001,2,'\0','How long did the Israelites sojourn in the wilderness?','Deut. 29:5','2x2'),(0000000261,0000000012,0000000001,3,'\0','If you hearken the Lord\'s commandments, you shall be the _______ and not the tail.','Deut.  28:13','2x2'),(0000000262,0000000012,0000000001,4,'\0','In which mountain should Simeon, Levi, Judah, Issachar, Joseph and Benjamin stand to bless the people after they cross Jordan?','Deut. 27:12','2x2'),(0000000263,0000000012,0000000001,5,'\0','In which mountain should Reuben, Gad, Asher, Zebulun, Dan and Naphtali curse the people after they cross Jordan?','Deut. 27:13','2x2'),(0000000264,0000000012,0000000001,6,'\0','How many curses were mentioned in the book of Deuteronomy Chapter 27?','Deut. 27','2x2'),(0000000265,0000000012,0000000001,7,'','The Lord came from ten thousand holy ones with a flaming fire on where? ','Deut. 33:2','2x2'),(0000000266,0000000012,0000000001,8,'\0','This was where Moses died? ','Deut. 34:5','2x2'),(0000000267,0000000012,0000000001,9,'\0','What is the reason why the Isrealites experienced evil things?','Deut. 31:17','4x1'),(0000000268,0000000012,0000000001,10,'\0','How many stones were carried by the Israelites to Gilgal? ','','2x2'),(0000000269,0000000012,0000000001,11,'\0','How old was Moses when he died?','Deut. 34:7','1x4'),(0000000270,0000000012,0000000002,12,'\0','The Israelites have sojourned in the wilderness and their clothes and shoes have not waxen old.','Deut. 28:5','1x2'),(0000000271,0000000012,0000000002,13,'\0','Moses died with his eyes dimmed and he experience weakness.','Deut. 34:7','1x2'),(0000000272,0000000012,0000000002,14,'\0','Joseph was Moses\' successor. ','Joshua 1:1','1x2'),(0000000273,0000000012,0000000002,15,'\0','The people of the earth will know that the Lord is mighty and that we will love Him forever.','Joshua 4:24','1x2'),(0000000274,0000000012,0000000002,16,'\0','The stones shall serve as a memorial forever for the people of Israel.','Joshua 4:7','1x2'),(0000000275,0000000012,0000000002,17,'\0','Is it good to tell a lie for a good cause? ','','1x2'),(0000000276,0000000012,0000000002,18,'','Rahab let down the spies that were in here house through a blanket on the window. ','Joshua 2:15','1x2'),(0000000277,0000000012,0000000002,19,'\0','Joshua\'s vision was \"A Man with a sword drawn in His Hand\".','Joshua 5:13','1x2'),(0000000278,0000000012,0000000002,20,'\0','Joshua\'s sharp knives were used to circumcise the children of Israel. ','Joshua 5:3','1x2'),(0000000279,0000000012,0000000002,21,'\0','Purple is the color of the thread  that Rahab will put on her window so the Israelites will not take over her household.','','1x2'),(0000000280,0000000012,0000000002,22,'\0','10 blessed words were mentioned in Deuteronomy Chapter 28?.','Deut. 28','1x2'),(0000000281,0000000012,0000000003,23,'\0','To whom did they give the inheritance from the land that they took from Sihon the king of Heshbon and Og the king of Bashan?','Deut. 29:8','1x1'),(0000000282,0000000012,0000000003,24,'\0','What did the Lord do to the waters of Jordan like what he did to the Red Sea? ','Joshua 4:23','1x1'),(0000000283,0000000012,0000000003,25,'\0','Where did Joshua had a vision?','Joshua 5:10','1x1'),(0000000284,0000000012,0000000003,26,'\0','How many people who passed over before the Lord prepared for war?','Joshua 4:13','1x1'),(0000000285,0000000012,0000000003,27,'\0','Name two groups of nations that were taken over by the Israelites?','Josha 3:10','1x1'),(0000000286,0000000012,0000000003,28,'\0','To his tribe was given Thummin and Urim to their godly ones','Deut. 33:8','1x1'),(0000000287,0000000012,0000000003,29,'\0','To his tribe is where the beloved of the Lord dwells in safety. ','Deut. 33:12','1x1'),(0000000288,0000000012,0000000003,30,'','To his people shall be blessed with their lands with the choicest gifts of heaven above.','Deut. 33:13','1x1'),(0000000289,0000000012,0000000003,31,'\0','To his tribe crouches like a lion and tears off arm and scalp.','Deut. 33:20','1x1'),(0000000290,0000000012,0000000003,32,'\0','This is the east border of Jericho and also where Joshua pitched the twelve Stones.','Joshua 4:20','1x1'),(0000000291,0000000012,0000000003,33,'\0','To his tribe be the favorite of his brothers and let him dip his foot in oil. And his bars shall be iron and bronze. ','Deut. 33:24','1x1'),(0000000292,0000000013,0000000001,1,'\0','How old was Joshua when he died? ','Joshua 24:29','2x2'),(0000000293,0000000013,0000000001,2,'\0','Whose tribe tookk some of the devoted things that made the Lord very angry? ','Joshua 7:1','2x2'),(0000000294,0000000013,0000000001,3,'\0','He is the man from the tribe of Judah who took the devoted things that made the Lord very angry.','Joshua 7:18','2x2'),(0000000295,0000000013,0000000001,4,'\0','The men who spied out in Ai told Joshua that they could take down the whole city with how many men? ','Joshua 7:4','2x2'),(0000000296,0000000013,0000000001,5,'\0','How many men were killed with the 3,000 men Joshua was asked to send?','Joshua 8:25','2x2'),(0000000297,0000000013,0000000001,6,'\0','How many people fell in Ai, both men and women? ','Joshua 8:25','2x2'),(0000000298,0000000013,0000000001,7,'','Who is the king of Jerusalem?','Joshua 10:1','2x2'),(0000000299,0000000013,0000000001,8,'\0','How many kings fled and hid in Makkedah? ','Joshua 10:16','2x2'),(0000000300,0000000013,0000000001,9,'\0','He is the greatest men among the Anakins.','Joshua 14:15','2x2'),(0000000301,0000000013,0000000001,10,'\0','The son of Beor who practiced divination which was killed with sword by the people of Israel? ','Joshua 13:22','2x2'),(0000000302,0000000013,0000000001,11,'\0','What should the Israelites not until Joshua tells them to do? ','Joshua 6:10','2x2'),(0000000303,0000000013,0000000002,12,'\0','The 7 priest bore 7 trumpets from a calf\'s horn. ','Joshua 6:6','1x2'),(0000000304,0000000013,0000000002,13,'\0','The Israelites shouted on the 7th day after marching around Jericho.','Joshua 6:16','1x2'),(0000000305,0000000013,0000000002,14,'\0','Joshua was buried in Timnath - saraha.','Joshua 24:30','1x2'),(0000000306,0000000013,0000000002,15,'\0','Achan and the things he stole were stoned and was burned.','Joshua 7:25','1x2'),(0000000307,0000000013,0000000002,16,'\0','3,000 men were chosen by Joshua that finally defeated Ai. ','Joshua 8:3','1x2'),(0000000308,0000000013,0000000002,17,'\0','The moon stood still in the Valley of Achor.','Joshua 10:13','1x2'),(0000000309,0000000013,0000000002,18,'',' Ai is a greater city than Gibeon and Ai has more warriors than Gibeon.','Joshua 10:2','1x2'),(0000000310,0000000013,0000000002,19,'\0','Kiriath - arba should be the one to be captured to get Caleb\'s daughter Achsah as reward.','Joshua 15:16','1x2'),(0000000311,0000000013,0000000002,20,'\0',' The king of Ai died because he was hung on a tree. ','Joshua 8:29','1x2'),(0000000312,0000000013,0000000002,21,'\0','Achan has stolen a beautiful cloak from Shinar, 200 shekels of Silver and 50 shekels of gold.','Joshua 7:21','1x2'),(0000000313,0000000013,0000000002,22,'\0','Caleb\'s daughter is Achsa and she became the wife of Othniel','Joshua 15:16,17','1x2'),(0000000314,0000000013,0000000003,23,'\0','How many times did the Israelites march around Jericho?','Joshua 6:3-4','1x1'),(0000000315,0000000013,0000000003,24,'\0','How many chapters does Joshua have? ','Joshua','1x1'),(0000000316,0000000013,0000000003,25,'\0','Name 2 things that should go in the treasury of the Lord.','Joshua 6:19','1x1'),(0000000317,0000000013,0000000003,26,'\0',' What is Rahab\'s job?','Joshua 6:17','1x1'),(0000000318,0000000013,0000000003,27,'\0','The Levites had no property inheritance because the Lord has given them what heritage?','Joshua 18:7','1x1'),(0000000319,0000000013,0000000003,28,'\0','In which book was written that the sun will stop there? ','Joshua 10:13','1x1'),(0000000320,0000000013,0000000003,29,'\0','God said, the person who _______ Jericho will be cursed.','Joshua 6:26','1x1'),(0000000321,0000000013,0000000003,30,'','What did Joshua stretched out towards Ai that the Lord has commanded so He will give him the city? ','Joshua 8:18','1x1'),(0000000322,0000000013,0000000003,31,'\0','Where did Joshua tell the sun to stand still? ','Joshua 10:12','1x1'),(0000000323,0000000013,0000000003,32,'\0','How was Jericho destroyed?','Joshua 6:24','1x1'),(0000000324,0000000013,0000000003,33,'\0','The only tribe that Moses gave no inheritance to. ','Joshua 12:14','1x1'),(0000000325,0000000014,0000000001,1,'\0','Who is the wife of Abraham?','','2x2'),(0000000326,0000000014,0000000002,2,'\0','The Israelites are stiffnecked people.','','1x2'),(0000000327,0000000014,0000000003,3,'\0','Who was born in a manger?','','1x1'),(0000000328,0000000015,0000000001,1,'\0','Who is the fat king of Moab?','Judges 3:17','2x2'),(0000000329,0000000015,0000000001,2,'\0','In which land was located the springs of water Achsah asked from his father Caleb?','Judges 1:15','2x2'),(0000000330,0000000015,0000000001,3,'\0','She is the only female judge of Israel','Judges 4:4','2x2'),(0000000331,0000000015,0000000001,4,'\0','What is Gideon\'s other name? ','Judges 6:32','2x2'),(0000000332,0000000015,0000000001,5,'\0','Who killed Sisera?','Judges 4:21','2x2'),(0000000333,0000000015,0000000001,6,'\0','He was casted out because he had no inheritance for he was the son of other woman, but then later on was asked to lead from the battle','Judges 11:2, 6','2x2'),(0000000334,0000000015,0000000001,7,'','A Nazirite to God from the womb whose power is strength','Judges 13:5','2x2'),(0000000335,0000000015,0000000001,8,'\0','God has gives Samson strength as power. What is the source of his strength? ','Judges 16:17','2x2'),(0000000336,0000000015,0000000001,9,'\0','Elimelech is Naomi\'s wife. What is the name of her two sons?','Ruth 1:2','2x2'),(0000000337,0000000015,0000000001,10,'\0','The daughter-in-law of Naomi who never left her?','Ruth 1:14','2x2'),(0000000338,0000000015,0000000001,11,'\0','He is the mighty man of valor who saved the Israelites from the Medianties?','Judges 6:13','2x2'),(0000000339,0000000015,0000000002,12,'\0','The woman from the valley of Sorek whom Samson loved is Deborah','Judges 16:4','1x2'),(0000000340,0000000015,0000000002,13,'\0','Elimelech is the father of Jesse who was the daughter of Ruth and Boaz.','Ruth 4:17','1x2'),(0000000341,0000000015,0000000002,14,'\0','Shamgar killed Eglon the king of Moabite using a sword.','Judges 3:22','1x2'),(0000000342,0000000015,0000000002,15,'\0','It was at night time when Gideon destroyed the Baals that the Israelites served.','Judges 6:27','1x2'),(0000000343,0000000015,0000000002,16,'\0','Shamgar is the son of Anath who killed 600 of the Philistines. ','Judges 3:31','1x2'),(0000000344,0000000015,0000000002,17,'\0','3000 men fought with Gideon against the Midianites.','Judges 7:6','1x2'),(0000000345,0000000015,0000000002,18,'','There were 22000 men with Gideon who feared and went home.','Judges 7:3','1x2'),(0000000346,0000000015,0000000002,19,'\0','Baal and Ashtaroth are some of the gods of Israel whom they served.','Judges 2:13','1x2'),(0000000347,0000000015,0000000002,20,'\0','Samson killed 1000 of the Philistines using a fresh jawbone of a monkey.','Judges 15:15','1x2'),(0000000348,0000000015,0000000002,21,'\0','Dagon is the god of the Philistines','Judges 16:23','1x2'),(0000000349,0000000015,0000000002,22,'\0','Gideon said, \"If you had not plowed with my heifer,  you would not have found out my riddle\"','Judges 14:18','1x2'),(0000000350,0000000015,0000000003,23,'\0',' How many thumbs and bigtoes does the King of Bezek had that was cut off? ','Judges 1:6','1x1'),(0000000351,0000000015,0000000003,24,'\0','Who lived with the poeple of Benjamin until today because they were not driven out by them','Judges 1:21','1x1'),(0000000352,0000000015,0000000003,25,'\0','How did Sisera die? ','Judges 4:20-22','1x1'),(0000000353,0000000015,0000000003,26,'\0','How many men did Gideon have when he was about to go to war against the Midianites? ','Judges 7:3','1x1'),(0000000354,0000000015,0000000003,27,'\0','How did Abimelech die? ','Judges 9:53','1x1'),(0000000355,0000000015,0000000003,28,'\0','\"Out of the eater came something to eat,  \r\nOut of the strong came something sweet\"\r\nWho said that? ','Judges 14:14','1x1'),(0000000356,0000000015,0000000003,29,'\0','Who did Jephthah sacrificed as what he promised to the Lord?','Judges 11:34','1x1'),(0000000357,0000000015,0000000003,30,'','From Gideon\'s armies,  how many man lapped the water like a dog with his tongue?','Judges 7:5','1x1'),(0000000358,0000000015,0000000003,31,'\0','Who killed Samson?','Judges 16:30','1x1'),(0000000359,0000000015,0000000003,32,'\0','Who said this \"Where you go, I will go. Where you lodge, I will lodge. Your people shall be my people and your God shall be my God. ','Ruth 1:16','1x1'),(0000000360,0000000015,0000000003,33,'\0','Where did Samson take the honey that he gave to his mother and father?','Judges 15:8 9','1x1');
/*!40000 ALTER TABLE `questions` ENABLE KEYS */;
UNLOCK TABLES;

--
-- Table structure for table `scores`
--

DROP TABLE IF EXISTS `scores`;
/*!40101 SET @saved_cs_client     = @@character_set_client */;
/*!40101 SET character_set_client = utf8 */;
CREATE TABLE `scores` (
  `id` int(10) unsigned zerofill NOT NULL AUTO_INCREMENT,
  `group` int(10) unsigned zerofill NOT NULL,
  `question` int(10) unsigned zerofill NOT NULL,
  `score` tinyint(2) NOT NULL,
  PRIMARY KEY (`id`),
  UNIQUE KEY `score_unique` (`question`,`group`),
  KEY `score_question_idx` (`question`),
  KEY `score_group_idx` (`group`),
  CONSTRAINT `score_group` FOREIGN KEY (`group`) REFERENCES `groups` (`id`) ON DELETE NO ACTION ON UPDATE NO ACTION,
  CONSTRAINT `score_question` FOREIGN KEY (`question`) REFERENCES `questions` (`id`) ON DELETE NO ACTION ON UPDATE NO ACTION
) ENGINE=InnoDB AUTO_INCREMENT=1801 DEFAULT CHARSET=utf8;
/*!40101 SET character_set_client = @saved_cs_client */;

--
-- Dumping data for table `scores`
--
-- ORDER BY:  `id`

LOCK TABLES `scores` WRITE;
/*!40000 ALTER TABLE `scores` DISABLE KEYS */;
REPLACE INTO `scores` (`id`, `group`, `question`, `score`) VALUES (0000000015,0000000002,0000000033,3),(0000000016,0000000003,0000000033,3),(0000000017,0000000004,0000000033,3),(0000000018,0000000005,0000000033,3),(0000000019,0000000006,0000000033,3),(0000000020,0000000007,0000000033,3),(0000000021,0000000008,0000000033,3),(0000000022,0000000001,0000000034,3),(0000000023,0000000002,0000000034,3),(0000000024,0000000003,0000000034,3),(0000000025,0000000004,0000000034,3),(0000000026,0000000005,0000000034,3),(0000000027,0000000006,0000000034,3),(0000000028,0000000008,0000000034,3),(0000000029,0000000001,0000000035,3),(0000000030,0000000002,0000000035,3),(0000000031,0000000003,0000000035,3),(0000000032,0000000004,0000000035,3),(0000000033,0000000005,0000000035,3),(0000000034,0000000006,0000000035,3),(0000000035,0000000007,0000000035,3),(0000000036,0000000008,0000000035,3),(0000000037,0000000001,0000000036,3),(0000000038,0000000002,0000000036,3),(0000000039,0000000003,0000000036,3),(0000000040,0000000004,0000000036,3),(0000000041,0000000008,0000000036,3),(0000000042,0000000001,0000000037,3),(0000000043,0000000002,0000000037,3),(0000000044,0000000003,0000000037,3),(0000000045,0000000004,0000000037,3),(0000000046,0000000005,0000000037,3),(0000000047,0000000006,0000000037,3),(0000000048,0000000007,0000000037,3),(0000000049,0000000008,0000000037,3),(0000000050,0000000001,0000000038,3),(0000000051,0000000003,0000000038,3),(0000000052,0000000004,0000000038,3),(0000000053,0000000005,0000000038,3),(0000000054,0000000006,0000000038,3),(0000000055,0000000001,0000000039,3),(0000000056,0000000002,0000000039,3),(0000000057,0000000003,0000000039,3),(0000000058,0000000004,0000000039,3),(0000000059,0000000005,0000000039,3),(0000000060,0000000007,0000000039,3),(0000000061,0000000008,0000000039,3),(0000000062,0000000001,0000000040,3),(0000000063,0000000002,0000000040,3),(0000000064,0000000003,0000000040,3),(0000000065,0000000004,0000000040,3),(0000000066,0000000006,0000000040,3),(0000000067,0000000007,0000000040,3),(0000000068,0000000008,0000000040,3),(0000000069,0000000002,0000000041,3),(0000000070,0000000003,0000000041,3),(0000000071,0000000004,0000000041,3),(0000000072,0000000007,0000000041,3),(0000000073,0000000008,0000000041,3),(0000000074,0000000001,0000000042,3),(0000000075,0000000002,0000000042,3),(0000000076,0000000003,0000000042,3),(0000000077,0000000004,0000000042,3),(0000000078,0000000005,0000000042,3),(0000000079,0000000006,0000000042,3),(0000000080,0000000007,0000000042,3),(0000000081,0000000008,0000000042,3),(0000000082,0000000001,0000000043,5),(0000000083,0000000002,0000000043,5),(0000000084,0000000003,0000000043,5),(0000000085,0000000004,0000000043,5),(0000000086,0000000005,0000000043,5),(0000000087,0000000007,0000000043,5),(0000000088,0000000001,0000000044,5),(0000000089,0000000002,0000000044,5),(0000000090,0000000003,0000000044,5),(0000000091,0000000005,0000000044,5),(0000000092,0000000006,0000000044,5),(0000000093,0000000007,0000000044,5),(0000000094,0000000008,0000000044,5),(0000000095,0000000001,0000000045,5),(0000000096,0000000002,0000000045,5),(0000000097,0000000004,0000000045,5),(0000000098,0000000005,0000000045,5),(0000000099,0000000006,0000000045,5),(0000000100,0000000007,0000000045,5),(0000000101,0000000008,0000000045,5),(0000000102,0000000001,0000000046,5),(0000000103,0000000002,0000000046,5),(0000000104,0000000003,0000000046,5),(0000000105,0000000004,0000000046,5),(0000000106,0000000005,0000000046,5),(0000000107,0000000007,0000000046,5),(0000000108,0000000008,0000000046,5),(0000000109,0000000001,0000000047,5),(0000000110,0000000002,0000000047,5),(0000000111,0000000003,0000000047,5),(0000000112,0000000004,0000000047,5),(0000000113,0000000005,0000000047,5),(0000000114,0000000006,0000000047,5),(0000000115,0000000007,0000000047,5),(0000000116,0000000008,0000000047,5),(0000000117,0000000001,0000000048,5),(0000000118,0000000002,0000000048,5),(0000000119,0000000003,0000000048,5),(0000000120,0000000004,0000000048,5),(0000000121,0000000005,0000000048,5),(0000000122,0000000006,0000000048,5),(0000000123,0000000007,0000000048,5),(0000000124,0000000008,0000000048,5),(0000000125,0000000001,0000000049,5),(0000000126,0000000002,0000000049,5),(0000000127,0000000003,0000000049,5),(0000000128,0000000004,0000000049,5),(0000000129,0000000005,0000000049,5),(0000000130,0000000006,0000000049,5),(0000000131,0000000007,0000000049,5),(0000000132,0000000001,0000000050,5),(0000000133,0000000002,0000000050,5),(0000000134,0000000003,0000000050,5),(0000000135,0000000004,0000000050,5),(0000000136,0000000005,0000000050,5),(0000000137,0000000001,0000000051,5),(0000000138,0000000002,0000000051,5),(0000000139,0000000003,0000000051,5),(0000000140,0000000004,0000000051,5),(0000000141,0000000005,0000000051,5),(0000000142,0000000006,0000000051,5),(0000000143,0000000007,0000000051,5),(0000000144,0000000001,0000000052,5),(0000000145,0000000002,0000000052,5),(0000000146,0000000003,0000000052,5),(0000000147,0000000004,0000000052,5),(0000000148,0000000005,0000000052,5),(0000000149,0000000006,0000000052,5),(0000000150,0000000007,0000000052,5),(0000000151,0000000008,0000000052,5),(0000000152,0000000001,0000000053,10),(0000000153,0000000002,0000000053,10),(0000000154,0000000003,0000000053,10),(0000000155,0000000004,0000000053,10),(0000000156,0000000005,0000000053,10),(0000000157,0000000006,0000000053,10),(0000000158,0000000007,0000000053,10),(0000000159,0000000008,0000000053,10),(0000000160,0000000002,0000000054,10),(0000000161,0000000003,0000000054,10),(0000000162,0000000004,0000000054,10),(0000000163,0000000005,0000000054,10),(0000000164,0000000006,0000000054,10),(0000000165,0000000008,0000000054,10),(0000000166,0000000001,0000000055,10),(0000000167,0000000002,0000000055,10),(0000000168,0000000003,0000000055,10),(0000000169,0000000004,0000000055,10),(0000000170,0000000005,0000000055,10),(0000000171,0000000006,0000000055,10),(0000000172,0000000007,0000000055,10),(0000000173,0000000001,0000000056,10),(0000000174,0000000002,0000000056,10),(0000000175,0000000003,0000000056,10),(0000000176,0000000004,0000000056,10),(0000000177,0000000005,0000000056,10),(0000000178,0000000006,0000000056,10),(0000000179,0000000007,0000000056,10),(0000000180,0000000008,0000000056,10),(0000000181,0000000001,0000000057,10),(0000000182,0000000002,0000000057,10),(0000000183,0000000003,0000000057,10),(0000000184,0000000004,0000000057,10),(0000000185,0000000007,0000000057,10),(0000000186,0000000008,0000000057,10),(0000000187,0000000002,0000000058,10),(0000000188,0000000003,0000000058,10),(0000000189,0000000005,0000000058,10),(0000000190,0000000001,0000000059,10),(0000000191,0000000002,0000000059,10),(0000000192,0000000003,0000000059,10),(0000000193,0000000006,0000000059,10),(0000000194,0000000008,0000000059,10),(0000000195,0000000001,0000000061,10),(0000000196,0000000002,0000000061,10),(0000000197,0000000003,0000000061,10),(0000000198,0000000004,0000000061,10),(0000000199,0000000005,0000000061,10),(0000000200,0000000006,0000000061,10),(0000000201,0000000007,0000000061,10),(0000000202,0000000008,0000000061,10),(0000000203,0000000001,0000000062,10),(0000000204,0000000002,0000000062,10),(0000000205,0000000003,0000000062,10),(0000000206,0000000004,0000000062,10),(0000000207,0000000005,0000000062,10),(0000000208,0000000006,0000000062,10),(0000000209,0000000007,0000000062,10),(0000000210,0000000008,0000000062,10),(0000000211,0000000004,0000000068,3),(0000000212,0000000008,0000000068,3),(0000000213,0000000001,0000000068,3),(0000000214,0000000007,0000000068,3),(0000000215,0000000002,0000000068,3),(0000000216,0000000004,0000000069,3),(0000000217,0000000008,0000000069,3),(0000000218,0000000007,0000000069,3),(0000000219,0000000005,0000000069,3),(0000000220,0000000002,0000000069,3),(0000000221,0000000004,0000000070,3),(0000000222,0000000008,0000000070,3),(0000000223,0000000001,0000000070,3),(0000000224,0000000007,0000000070,3),(0000000225,0000000005,0000000070,3),(0000000226,0000000002,0000000070,3),(0000000227,0000000004,0000000071,3),(0000000228,0000000008,0000000071,3),(0000000229,0000000001,0000000071,3),(0000000230,0000000005,0000000071,3),(0000000231,0000000002,0000000071,3),(0000000232,0000000001,0000000072,3),(0000000233,0000000002,0000000072,3),(0000000234,0000000004,0000000073,3),(0000000235,0000000008,0000000073,3),(0000000236,0000000001,0000000073,3),(0000000237,0000000007,0000000073,3),(0000000238,0000000005,0000000073,3),(0000000239,0000000002,0000000073,3),(0000000240,0000000004,0000000074,3),(0000000241,0000000008,0000000074,3),(0000000242,0000000001,0000000074,3),(0000000243,0000000007,0000000074,3),(0000000244,0000000005,0000000074,3),(0000000245,0000000002,0000000074,3),(0000000246,0000000004,0000000075,3),(0000000247,0000000008,0000000075,3),(0000000248,0000000001,0000000075,3),(0000000249,0000000005,0000000075,3),(0000000250,0000000002,0000000075,3),(0000000251,0000000004,0000000076,3),(0000000252,0000000008,0000000076,3),(0000000253,0000000001,0000000076,3),(0000000254,0000000005,0000000076,3),(0000000255,0000000002,0000000076,3),(0000000256,0000000004,0000000077,3),(0000000257,0000000008,0000000077,3),(0000000258,0000000001,0000000077,3),(0000000259,0000000002,0000000077,3),(0000000260,0000000004,0000000078,5),(0000000261,0000000008,0000000078,5),(0000000262,0000000001,0000000078,5),(0000000263,0000000007,0000000078,5),(0000000264,0000000005,0000000078,5),(0000000265,0000000002,0000000078,5),(0000000266,0000000004,0000000079,5),(0000000267,0000000008,0000000079,5),(0000000268,0000000001,0000000079,5),(0000000269,0000000005,0000000079,5),(0000000270,0000000002,0000000079,5),(0000000271,0000000004,0000000080,5),(0000000272,0000000008,0000000080,5),(0000000273,0000000001,0000000080,5),(0000000274,0000000007,0000000080,5),(0000000275,0000000005,0000000080,5),(0000000276,0000000004,0000000081,5),(0000000277,0000000008,0000000081,5),(0000000278,0000000001,0000000081,5),(0000000279,0000000005,0000000081,5),(0000000280,0000000002,0000000081,5),(0000000281,0000000008,0000000082,5),(0000000282,0000000001,0000000082,5),(0000000283,0000000007,0000000082,5),(0000000284,0000000005,0000000082,5),(0000000285,0000000002,0000000082,5),(0000000286,0000000008,0000000083,5),(0000000287,0000000005,0000000083,5),(0000000288,0000000002,0000000083,5),(0000000289,0000000001,0000000084,5),(0000000290,0000000005,0000000084,5),(0000000291,0000000002,0000000084,5),(0000000292,0000000008,0000000085,5),(0000000293,0000000001,0000000085,5),(0000000294,0000000005,0000000085,5),(0000000295,0000000002,0000000085,5),(0000000296,0000000004,0000000086,5),(0000000297,0000000008,0000000086,5),(0000000298,0000000001,0000000086,5),(0000000299,0000000005,0000000086,5),(0000000300,0000000002,0000000086,5),(0000000301,0000000004,0000000087,5),(0000000302,0000000008,0000000087,5),(0000000303,0000000007,0000000087,5),(0000000304,0000000002,0000000087,5),(0000000305,0000000004,0000000088,10),(0000000306,0000000008,0000000088,10),(0000000307,0000000001,0000000088,10),(0000000308,0000000005,0000000088,10),(0000000309,0000000002,0000000088,10),(0000000310,0000000008,0000000089,10),(0000000311,0000000001,0000000089,10),(0000000312,0000000005,0000000089,10),(0000000313,0000000002,0000000089,10),(0000000314,0000000004,0000000090,10),(0000000315,0000000007,0000000090,10),(0000000316,0000000002,0000000090,10),(0000000317,0000000004,0000000091,10),(0000000318,0000000008,0000000091,10),(0000000319,0000000001,0000000091,10),(0000000320,0000000005,0000000091,10),(0000000321,0000000002,0000000091,10),(0000000322,0000000008,0000000092,10),(0000000323,0000000001,0000000092,10),(0000000324,0000000005,0000000092,10),(0000000325,0000000008,0000000093,10),(0000000326,0000000001,0000000093,10),(0000000327,0000000005,0000000093,10),(0000000328,0000000004,0000000094,10),(0000000329,0000000008,0000000094,10),(0000000330,0000000001,0000000094,10),(0000000331,0000000005,0000000094,10),(0000000332,0000000002,0000000094,10),(0000000333,0000000001,0000000095,10),(0000000334,0000000004,0000000096,10),(0000000335,0000000008,0000000096,10),(0000000336,0000000001,0000000096,10),(0000000337,0000000002,0000000096,10),(0000000338,0000000004,0000000097,10),(0000000339,0000000005,0000000097,10),(0000000340,0000000002,0000000097,10),(0000000385,0000000001,0000000100,3),(0000000386,0000000002,0000000100,3),(0000000387,0000000003,0000000100,3),(0000000388,0000000007,0000000100,3),(0000000389,0000000008,0000000100,3),(0000000390,0000000009,0000000100,3),(0000000391,0000000001,0000000101,3),(0000000392,0000000002,0000000101,3),(0000000393,0000000003,0000000101,3),(0000000394,0000000004,0000000101,3),(0000000395,0000000005,0000000101,3),(0000000396,0000000007,0000000101,3),(0000000397,0000000008,0000000101,3),(0000000398,0000000009,0000000101,3),(0000000399,0000000002,0000000102,3),(0000000400,0000000003,0000000102,3),(0000000401,0000000004,0000000102,3),(0000000402,0000000008,0000000102,3),(0000000403,0000000009,0000000102,3),(0000000404,0000000001,0000000103,3),(0000000405,0000000002,0000000103,3),(0000000406,0000000004,0000000103,3),(0000000407,0000000009,0000000103,3),(0000000408,0000000001,0000000104,3),(0000000409,0000000002,0000000104,3),(0000000410,0000000004,0000000104,3),(0000000411,0000000005,0000000104,3),(0000000412,0000000009,0000000104,3),(0000000413,0000000001,0000000105,3),(0000000414,0000000002,0000000105,3),(0000000415,0000000004,0000000105,3),(0000000416,0000000005,0000000105,3),(0000000417,0000000008,0000000105,3),(0000000418,0000000009,0000000105,3),(0000000419,0000000002,0000000106,3),(0000000420,0000000005,0000000106,3),(0000000421,0000000009,0000000106,3),(0000000422,0000000001,0000000107,3),(0000000423,0000000002,0000000107,3),(0000000424,0000000003,0000000107,3),(0000000425,0000000004,0000000107,3),(0000000426,0000000005,0000000107,3),(0000000427,0000000007,0000000107,3),(0000000428,0000000008,0000000107,3),(0000000429,0000000009,0000000107,3),(0000000430,0000000001,0000000108,3),(0000000431,0000000002,0000000108,3),(0000000432,0000000003,0000000108,3),(0000000433,0000000004,0000000108,3),(0000000434,0000000007,0000000108,3),(0000000435,0000000008,0000000108,3),(0000000436,0000000009,0000000108,3),(0000000437,0000000001,0000000109,3),(0000000438,0000000002,0000000109,3),(0000000439,0000000003,0000000109,3),(0000000440,0000000004,0000000109,3),(0000000441,0000000005,0000000109,3),(0000000442,0000000007,0000000109,3),(0000000443,0000000009,0000000109,3),(0000000444,0000000001,0000000110,5),(0000000445,0000000002,0000000110,5),(0000000446,0000000003,0000000110,5),(0000000447,0000000004,0000000110,5),(0000000448,0000000005,0000000110,5),(0000000449,0000000007,0000000110,5),(0000000450,0000000008,0000000110,5),(0000000451,0000000009,0000000110,5),(0000000452,0000000001,0000000111,5),(0000000453,0000000002,0000000111,5),(0000000454,0000000003,0000000111,5),(0000000455,0000000004,0000000111,5),(0000000456,0000000005,0000000111,5),(0000000457,0000000008,0000000111,5),(0000000458,0000000009,0000000111,5),(0000000459,0000000001,0000000112,5),(0000000460,0000000002,0000000112,5),(0000000461,0000000003,0000000112,5),(0000000462,0000000004,0000000112,5),(0000000463,0000000005,0000000112,5),(0000000464,0000000007,0000000112,5),(0000000465,0000000009,0000000112,5),(0000000466,0000000001,0000000113,5),(0000000467,0000000002,0000000113,5),(0000000468,0000000003,0000000113,5),(0000000469,0000000004,0000000113,5),(0000000470,0000000005,0000000113,5),(0000000471,0000000007,0000000113,5),(0000000472,0000000008,0000000113,5),(0000000473,0000000009,0000000113,5),(0000000474,0000000002,0000000114,5),(0000000475,0000000003,0000000114,5),(0000000476,0000000004,0000000114,5),(0000000477,0000000005,0000000114,5),(0000000478,0000000007,0000000114,5),(0000000479,0000000009,0000000114,5),(0000000480,0000000001,0000000115,5),(0000000481,0000000002,0000000115,5),(0000000482,0000000003,0000000115,5),(0000000483,0000000004,0000000115,5),(0000000484,0000000005,0000000115,5),(0000000485,0000000007,0000000115,5),(0000000486,0000000008,0000000115,5),(0000000487,0000000009,0000000115,5),(0000000488,0000000001,0000000116,5),(0000000489,0000000002,0000000116,5),(0000000490,0000000003,0000000116,5),(0000000491,0000000004,0000000116,5),(0000000492,0000000005,0000000116,5),(0000000493,0000000009,0000000116,5),(0000000494,0000000002,0000000117,5),(0000000495,0000000004,0000000117,5),(0000000496,0000000005,0000000117,5),(0000000497,0000000001,0000000118,5),(0000000498,0000000002,0000000118,5),(0000000499,0000000003,0000000118,5),(0000000500,0000000004,0000000118,5),(0000000501,0000000005,0000000118,5),(0000000502,0000000007,0000000118,5),(0000000503,0000000008,0000000118,5),(0000000504,0000000009,0000000118,5),(0000000505,0000000001,0000000119,5),(0000000506,0000000002,0000000119,5),(0000000507,0000000003,0000000119,5),(0000000508,0000000004,0000000119,5),(0000000509,0000000005,0000000119,5),(0000000510,0000000007,0000000119,5),(0000000511,0000000008,0000000119,5),(0000000512,0000000001,0000000120,10),(0000000513,0000000002,0000000120,10),(0000000514,0000000004,0000000120,10),(0000000515,0000000008,0000000120,10),(0000000516,0000000001,0000000121,10),(0000000517,0000000002,0000000121,10),(0000000518,0000000004,0000000121,10),(0000000519,0000000005,0000000121,10),(0000000520,0000000008,0000000121,10),(0000000521,0000000009,0000000121,10),(0000000522,0000000001,0000000122,10),(0000000523,0000000002,0000000122,10),(0000000524,0000000003,0000000122,10),(0000000525,0000000004,0000000122,10),(0000000526,0000000005,0000000122,10),(0000000527,0000000008,0000000122,10),(0000000528,0000000009,0000000122,10),(0000000529,0000000001,0000000123,10),(0000000530,0000000002,0000000123,10),(0000000531,0000000004,0000000123,10),(0000000532,0000000009,0000000123,10),(0000000533,0000000001,0000000124,10),(0000000534,0000000003,0000000124,10),(0000000535,0000000001,0000000125,10),(0000000536,0000000002,0000000125,10),(0000000537,0000000008,0000000125,10),(0000000538,0000000009,0000000125,10),(0000000539,0000000001,0000000126,10),(0000000540,0000000002,0000000126,10),(0000000541,0000000004,0000000126,10),(0000000542,0000000005,0000000126,10),(0000000543,0000000007,0000000126,10),(0000000544,0000000008,0000000126,10),(0000000545,0000000009,0000000126,10),(0000000546,0000000001,0000000127,10),(0000000547,0000000002,0000000127,10),(0000000548,0000000004,0000000127,10),(0000000549,0000000007,0000000127,10),(0000000550,0000000008,0000000127,10),(0000000551,0000000009,0000000127,10),(0000000552,0000000001,0000000128,10),(0000000553,0000000002,0000000128,10),(0000000554,0000000003,0000000128,10),(0000000555,0000000004,0000000128,10),(0000000556,0000000005,0000000128,10),(0000000557,0000000007,0000000128,10),(0000000558,0000000008,0000000128,10),(0000000559,0000000009,0000000128,10),(0000000560,0000000001,0000000129,10),(0000000561,0000000002,0000000129,10),(0000000562,0000000005,0000000129,10),(0000000563,0000000009,0000000129,10),(0000000564,0000000004,0000000130,3),(0000000565,0000000008,0000000130,3),(0000000566,0000000001,0000000130,3),(0000000567,0000000003,0000000130,3),(0000000568,0000000005,0000000130,3),(0000000569,0000000002,0000000130,3),(0000000570,0000000009,0000000130,3),(0000000571,0000000004,0000000131,3),(0000000572,0000000008,0000000131,3),(0000000573,0000000001,0000000131,3),(0000000574,0000000003,0000000131,3),(0000000575,0000000005,0000000131,3),(0000000576,0000000002,0000000131,3),(0000000577,0000000009,0000000131,3),(0000000578,0000000004,0000000132,3),(0000000579,0000000008,0000000132,3),(0000000580,0000000001,0000000132,3),(0000000581,0000000003,0000000132,3),(0000000582,0000000005,0000000132,3),(0000000583,0000000002,0000000132,3),(0000000584,0000000009,0000000132,3),(0000000585,0000000004,0000000133,3),(0000000586,0000000005,0000000133,3),(0000000587,0000000002,0000000133,3),(0000000588,0000000009,0000000133,3),(0000000592,0000000004,0000000134,3),(0000000593,0000000001,0000000134,3),(0000000594,0000000003,0000000134,3),(0000000595,0000000005,0000000134,3),(0000000596,0000000002,0000000134,3),(0000000597,0000000009,0000000134,3),(0000000599,0000000004,0000000135,3),(0000000600,0000000008,0000000135,3),(0000000601,0000000001,0000000135,3),(0000000602,0000000003,0000000135,3),(0000000603,0000000005,0000000135,3),(0000000604,0000000002,0000000135,3),(0000000605,0000000009,0000000135,3),(0000000606,0000000004,0000000136,3),(0000000607,0000000008,0000000136,3),(0000000608,0000000001,0000000136,3),(0000000609,0000000003,0000000136,3),(0000000610,0000000005,0000000136,3),(0000000611,0000000002,0000000136,3),(0000000612,0000000009,0000000136,3),(0000000613,0000000004,0000000137,3),(0000000614,0000000008,0000000137,3),(0000000615,0000000001,0000000137,3),(0000000616,0000000003,0000000137,3),(0000000617,0000000005,0000000137,3),(0000000618,0000000002,0000000137,3),(0000000619,0000000009,0000000137,3),(0000000620,0000000004,0000000138,3),(0000000621,0000000008,0000000138,3),(0000000622,0000000001,0000000138,3),(0000000623,0000000003,0000000138,3),(0000000624,0000000005,0000000138,3),(0000000625,0000000002,0000000138,3),(0000000626,0000000009,0000000138,3),(0000000627,0000000004,0000000139,3),(0000000628,0000000008,0000000139,3),(0000000629,0000000001,0000000139,3),(0000000630,0000000003,0000000139,3),(0000000631,0000000005,0000000139,3),(0000000632,0000000002,0000000139,3),(0000000633,0000000009,0000000139,3),(0000000634,0000000004,0000000140,5),(0000000635,0000000008,0000000140,5),(0000000636,0000000001,0000000140,5),(0000000637,0000000005,0000000140,5),(0000000638,0000000002,0000000140,5),(0000000639,0000000009,0000000140,5),(0000000641,0000000004,0000000141,5),(0000000642,0000000008,0000000141,5),(0000000643,0000000001,0000000141,5),(0000000644,0000000003,0000000141,5),(0000000645,0000000002,0000000141,5),(0000000646,0000000009,0000000141,5),(0000000648,0000000004,0000000142,5),(0000000649,0000000008,0000000142,5),(0000000650,0000000001,0000000142,5),(0000000651,0000000003,0000000142,5),(0000000652,0000000005,0000000142,5),(0000000653,0000000002,0000000142,5),(0000000654,0000000009,0000000142,5),(0000000655,0000000004,0000000143,5),(0000000656,0000000008,0000000143,5),(0000000657,0000000001,0000000143,5),(0000000658,0000000003,0000000143,5),(0000000659,0000000005,0000000143,5),(0000000660,0000000002,0000000143,5),(0000000661,0000000009,0000000143,5),(0000000662,0000000004,0000000144,5),(0000000663,0000000008,0000000144,5),(0000000664,0000000001,0000000144,5),(0000000665,0000000003,0000000144,5),(0000000666,0000000005,0000000144,5),(0000000667,0000000002,0000000144,5),(0000000668,0000000009,0000000144,5),(0000000669,0000000004,0000000145,5),(0000000670,0000000008,0000000145,5),(0000000671,0000000001,0000000145,5),(0000000672,0000000003,0000000145,5),(0000000673,0000000005,0000000145,5),(0000000674,0000000002,0000000145,5),(0000000675,0000000009,0000000145,5),(0000000676,0000000008,0000000146,5),(0000000677,0000000003,0000000146,5),(0000000678,0000000005,0000000146,5),(0000000679,0000000009,0000000146,5),(0000000683,0000000001,0000000147,5),(0000000684,0000000002,0000000147,5),(0000000685,0000000009,0000000147,5),(0000000690,0000000004,0000000148,5),(0000000691,0000000008,0000000148,5),(0000000692,0000000001,0000000148,5),(0000000693,0000000003,0000000148,5),(0000000694,0000000005,0000000148,5),(0000000695,0000000002,0000000148,5),(0000000696,0000000009,0000000148,5),(0000000697,0000000004,0000000149,5),(0000000698,0000000008,0000000149,5),(0000000699,0000000001,0000000149,5),(0000000700,0000000003,0000000149,5),(0000000701,0000000005,0000000149,5),(0000000702,0000000002,0000000149,5),(0000000703,0000000009,0000000149,5),(0000000704,0000000004,0000000150,10),(0000000705,0000000001,0000000150,10),(0000000706,0000000003,0000000150,10),(0000000707,0000000002,0000000150,10),(0000000711,0000000004,0000000151,10),(0000000712,0000000008,0000000151,10),(0000000713,0000000001,0000000151,10),(0000000714,0000000003,0000000151,10),(0000000715,0000000005,0000000151,10),(0000000716,0000000002,0000000151,10),(0000000717,0000000009,0000000151,10),(0000000718,0000000008,0000000152,10),(0000000719,0000000001,0000000152,10),(0000000720,0000000005,0000000152,10),(0000000721,0000000002,0000000152,10),(0000000722,0000000009,0000000152,10),(0000000725,0000000004,0000000153,10),(0000000726,0000000008,0000000153,10),(0000000727,0000000001,0000000153,10),(0000000728,0000000002,0000000153,10),(0000000729,0000000009,0000000153,10),(0000000732,0000000004,0000000154,10),(0000000733,0000000008,0000000154,10),(0000000734,0000000005,0000000154,10),(0000000735,0000000002,0000000154,10),(0000000736,0000000009,0000000154,10),(0000000739,0000000008,0000000155,10),(0000000740,0000000003,0000000155,10),(0000000741,0000000002,0000000155,10),(0000000742,0000000009,0000000155,10),(0000000746,0000000004,0000000156,10),(0000000747,0000000008,0000000156,10),(0000000748,0000000001,0000000156,10),(0000000749,0000000003,0000000156,10),(0000000750,0000000005,0000000156,10),(0000000751,0000000002,0000000156,10),(0000000752,0000000009,0000000156,10),(0000000753,0000000004,0000000157,10),(0000000754,0000000008,0000000157,10),(0000000755,0000000001,0000000157,10),(0000000756,0000000003,0000000157,10),(0000000757,0000000005,0000000157,10),(0000000758,0000000002,0000000157,10),(0000000759,0000000009,0000000157,10),(0000000760,0000000004,0000000158,10),(0000000761,0000000008,0000000158,10),(0000000762,0000000001,0000000158,10),(0000000763,0000000005,0000000158,10),(0000000764,0000000002,0000000158,10),(0000000765,0000000009,0000000158,10),(0000000767,0000000004,0000000159,10),(0000000768,0000000008,0000000159,10),(0000000769,0000000001,0000000159,10),(0000000770,0000000003,0000000159,10),(0000000771,0000000002,0000000159,10),(0000000772,0000000009,0000000159,10),(0000000773,0000000004,0000000160,3),(0000000774,0000000008,0000000160,3),(0000000775,0000000001,0000000160,3),(0000000776,0000000003,0000000160,3),(0000000777,0000000002,0000000160,3),(0000000778,0000000004,0000000161,3),(0000000779,0000000008,0000000161,3),(0000000780,0000000001,0000000161,3),(0000000781,0000000003,0000000161,3),(0000000782,0000000002,0000000161,3),(0000000783,0000000009,0000000161,3),(0000000784,0000000008,0000000162,3),(0000000785,0000000001,0000000162,3),(0000000786,0000000003,0000000162,3),(0000000787,0000000002,0000000162,3),(0000000788,0000000009,0000000162,3),(0000000789,0000000004,0000000163,3),(0000000790,0000000008,0000000163,3),(0000000791,0000000001,0000000163,3),(0000000792,0000000003,0000000163,3),(0000000793,0000000002,0000000163,3),(0000000794,0000000004,0000000164,3),(0000000795,0000000008,0000000164,3),(0000000796,0000000001,0000000164,3),(0000000797,0000000003,0000000164,3),(0000000798,0000000002,0000000164,3),(0000000799,0000000009,0000000164,3),(0000000800,0000000004,0000000165,3),(0000000801,0000000008,0000000165,3),(0000000802,0000000001,0000000165,3),(0000000803,0000000002,0000000165,3),(0000000804,0000000004,0000000166,15),(0000000805,0000000008,0000000166,15),(0000000806,0000000001,0000000166,15),(0000000807,0000000003,0000000166,15),(0000000808,0000000002,0000000166,15),(0000000809,0000000009,0000000166,15),(0000000810,0000000004,0000000167,3),(0000000811,0000000001,0000000167,3),(0000000812,0000000003,0000000167,3),(0000000813,0000000002,0000000167,3),(0000000814,0000000009,0000000167,3),(0000000815,0000000001,0000000168,3),(0000000816,0000000002,0000000168,3),(0000000817,0000000004,0000000169,3),(0000000818,0000000008,0000000169,3),(0000000819,0000000001,0000000169,3),(0000000820,0000000003,0000000169,3),(0000000821,0000000002,0000000169,3),(0000000822,0000000004,0000000170,3),(0000000823,0000000008,0000000170,3),(0000000824,0000000001,0000000170,3),(0000000825,0000000003,0000000170,3),(0000000826,0000000002,0000000170,3),(0000000827,0000000009,0000000170,3),(0000000828,0000000001,0000000171,5),(0000000829,0000000003,0000000171,5),(0000000830,0000000002,0000000171,5),(0000000831,0000000004,0000000172,5),(0000000832,0000000008,0000000172,5),(0000000833,0000000001,0000000172,5),(0000000834,0000000003,0000000172,5),(0000000835,0000000002,0000000172,5),(0000000836,0000000009,0000000172,5),(0000000837,0000000004,0000000173,5),(0000000838,0000000001,0000000173,5),(0000000839,0000000002,0000000173,5),(0000000840,0000000004,0000000174,5),(0000000841,0000000008,0000000174,5),(0000000842,0000000001,0000000174,5),(0000000843,0000000003,0000000174,5),(0000000844,0000000002,0000000174,5),(0000000845,0000000004,0000000175,5),(0000000846,0000000001,0000000175,5),(0000000847,0000000003,0000000175,5),(0000000848,0000000002,0000000175,5),(0000000849,0000000009,0000000175,5),(0000000850,0000000004,0000000176,5),(0000000851,0000000001,0000000176,5),(0000000852,0000000003,0000000176,5),(0000000853,0000000002,0000000176,5),(0000000854,0000000004,0000000177,15),(0000000855,0000000008,0000000177,15),(0000000856,0000000001,0000000177,15),(0000000857,0000000002,0000000177,15),(0000000858,0000000003,0000000177,-10),(0000000859,0000000009,0000000177,-10),(0000000860,0000000004,0000000178,5),(0000000861,0000000001,0000000178,5),(0000000862,0000000003,0000000178,5),(0000000863,0000000002,0000000178,5),(0000000864,0000000009,0000000178,5),(0000000865,0000000004,0000000179,5),(0000000866,0000000008,0000000179,5),(0000000867,0000000001,0000000179,5),(0000000868,0000000002,0000000179,5),(0000000869,0000000004,0000000180,5),(0000000870,0000000008,0000000180,5),(0000000871,0000000001,0000000180,5),(0000000872,0000000003,0000000180,5),(0000000873,0000000002,0000000180,5),(0000000874,0000000004,0000000181,5),(0000000875,0000000008,0000000181,5),(0000000876,0000000001,0000000181,5),(0000000877,0000000003,0000000181,5),(0000000878,0000000002,0000000181,5),(0000000879,0000000009,0000000181,5),(0000000880,0000000004,0000000182,10),(0000000881,0000000008,0000000182,10),(0000000882,0000000001,0000000182,10),(0000000883,0000000003,0000000182,10),(0000000884,0000000002,0000000182,10),(0000000885,0000000009,0000000182,10),(0000000886,0000000004,0000000183,10),(0000000887,0000000001,0000000183,10),(0000000888,0000000002,0000000183,10),(0000000889,0000000004,0000000184,10),(0000000890,0000000008,0000000184,10),(0000000891,0000000001,0000000184,10),(0000000892,0000000002,0000000184,10),(0000000893,0000000004,0000000185,10),(0000000894,0000000008,0000000185,10),(0000000895,0000000001,0000000185,10),(0000000896,0000000002,0000000185,10),(0000000897,0000000004,0000000186,10),(0000000898,0000000008,0000000186,10),(0000000899,0000000001,0000000186,10),(0000000900,0000000003,0000000186,10),(0000000901,0000000002,0000000186,10),(0000000902,0000000008,0000000187,10),(0000000903,0000000002,0000000187,10),(0000000904,0000000004,0000000188,10),(0000000905,0000000008,0000000188,10),(0000000906,0000000002,0000000188,10),(0000000907,0000000009,0000000188,10),(0000000908,0000000004,0000000189,30),(0000000909,0000000008,0000000189,30),(0000000910,0000000001,0000000189,30),(0000000911,0000000003,0000000189,30),(0000000912,0000000002,0000000189,30),(0000000913,0000000009,0000000189,30),(0000000914,0000000004,0000000190,10),(0000000915,0000000004,0000000191,10),(0000000916,0000000008,0000000191,10),(0000000917,0000000001,0000000191,10),(0000000918,0000000003,0000000191,10),(0000000919,0000000002,0000000191,10),(0000000920,0000000009,0000000191,10),(0000000921,0000000004,0000000192,10),(0000000922,0000000008,0000000192,10),(0000000923,0000000001,0000000192,10),(0000000924,0000000003,0000000192,10),(0000000925,0000000002,0000000192,10),(0000000926,0000000009,0000000192,10),(0000000927,0000000002,0000000193,3),(0000000928,0000000009,0000000193,3),(0000000929,0000000004,0000000194,3),(0000000930,0000000008,0000000194,3),(0000000931,0000000003,0000000194,3),(0000000932,0000000002,0000000194,3),(0000000933,0000000004,0000000195,3),(0000000934,0000000001,0000000195,3),(0000000935,0000000003,0000000195,3),(0000000936,0000000002,0000000195,3),(0000000937,0000000009,0000000195,3),(0000000938,0000000004,0000000196,3),(0000000939,0000000008,0000000196,3),(0000000940,0000000001,0000000196,3),(0000000941,0000000003,0000000196,3),(0000000942,0000000002,0000000196,3),(0000000943,0000000004,0000000198,3),(0000000944,0000000008,0000000198,3),(0000000945,0000000001,0000000198,3),(0000000946,0000000003,0000000198,3),(0000000947,0000000002,0000000198,3),(0000000948,0000000009,0000000198,3),(0000000949,0000000004,0000000199,15),(0000000950,0000000008,0000000199,15),(0000000951,0000000001,0000000199,15),(0000000952,0000000002,0000000199,15),(0000000953,0000000009,0000000199,15),(0000000954,0000000003,0000000199,-10),(0000000955,0000000004,0000000200,3),(0000000956,0000000001,0000000200,3),(0000000957,0000000003,0000000200,3),(0000000958,0000000002,0000000200,3),(0000000959,0000000004,0000000201,3),(0000000960,0000000008,0000000201,3),(0000000961,0000000002,0000000201,3),(0000000962,0000000004,0000000202,3),(0000000963,0000000008,0000000202,3),(0000000964,0000000001,0000000202,3),(0000000965,0000000003,0000000202,3),(0000000966,0000000002,0000000202,3),(0000000967,0000000009,0000000202,3),(0000000968,0000000004,0000000203,3),(0000000969,0000000008,0000000203,3),(0000000970,0000000001,0000000203,3),(0000000971,0000000003,0000000203,3),(0000000972,0000000002,0000000203,3),(0000000973,0000000009,0000000203,3),(0000000974,0000000002,0000000204,5),(0000000975,0000000008,0000000205,5),(0000000976,0000000003,0000000205,5),(0000000977,0000000008,0000000206,5),(0000000978,0000000001,0000000206,5),(0000000979,0000000003,0000000206,5),(0000000980,0000000002,0000000206,5),(0000000981,0000000009,0000000206,5),(0000000982,0000000001,0000000207,5),(0000000983,0000000003,0000000207,5),(0000000984,0000000002,0000000207,5),(0000000985,0000000009,0000000207,5),(0000000986,0000000004,0000000208,5),(0000000987,0000000008,0000000208,5),(0000000988,0000000001,0000000208,5),(0000000989,0000000002,0000000208,5),(0000000990,0000000009,0000000208,5),(0000000991,0000000004,0000000209,5),(0000000992,0000000008,0000000209,5),(0000000993,0000000001,0000000209,5),(0000000994,0000000003,0000000209,5),(0000000995,0000000004,0000000210,15),(0000000996,0000000008,0000000210,15),(0000000997,0000000001,0000000210,15),(0000000998,0000000003,0000000210,15),(0000000999,0000000002,0000000210,15),(0000001000,0000000009,0000000210,15),(0000001001,0000000004,0000000211,5),(0000001002,0000000008,0000000211,5),(0000001003,0000000001,0000000211,5),(0000001004,0000000003,0000000211,5),(0000001005,0000000002,0000000211,5),(0000001006,0000000009,0000000211,5),(0000001007,0000000004,0000000212,5),(0000001008,0000000008,0000000212,5),(0000001009,0000000001,0000000212,5),(0000001010,0000000003,0000000212,5),(0000001011,0000000002,0000000212,5),(0000001012,0000000009,0000000212,5),(0000001013,0000000004,0000000213,5),(0000001014,0000000008,0000000213,5),(0000001015,0000000001,0000000213,5),(0000001016,0000000003,0000000213,5),(0000001017,0000000002,0000000213,5),(0000001018,0000000009,0000000213,5),(0000001019,0000000004,0000000214,5),(0000001020,0000000008,0000000214,5),(0000001021,0000000001,0000000214,5),(0000001022,0000000003,0000000214,5),(0000001023,0000000002,0000000214,5),(0000001024,0000000009,0000000214,5),(0000001025,0000000008,0000000215,10),(0000001026,0000000001,0000000215,10),(0000001027,0000000003,0000000215,10),(0000001028,0000000002,0000000215,10),(0000001029,0000000004,0000000216,10),(0000001030,0000000008,0000000216,10),(0000001031,0000000001,0000000216,10),(0000001032,0000000003,0000000216,10),(0000001033,0000000002,0000000216,10),(0000001034,0000000009,0000000216,10),(0000001035,0000000004,0000000217,10),(0000001036,0000000008,0000000217,10),(0000001037,0000000001,0000000217,10),(0000001038,0000000002,0000000217,10),(0000001039,0000000004,0000000218,10),(0000001040,0000000008,0000000218,10),(0000001041,0000000001,0000000218,10),(0000001042,0000000003,0000000218,10),(0000001043,0000000002,0000000218,10),(0000001044,0000000009,0000000218,10),(0000001045,0000000004,0000000219,10),(0000001046,0000000008,0000000219,10),(0000001047,0000000001,0000000219,10),(0000001048,0000000003,0000000219,10),(0000001049,0000000002,0000000219,10),(0000001050,0000000009,0000000219,10),(0000001051,0000000004,0000000220,10),(0000001052,0000000008,0000000220,10),(0000001053,0000000001,0000000220,10),(0000001054,0000000002,0000000220,10),(0000001055,0000000009,0000000220,10),(0000001056,0000000004,0000000221,10),(0000001057,0000000008,0000000221,10),(0000001058,0000000001,0000000221,10),(0000001059,0000000003,0000000221,10),(0000001060,0000000002,0000000221,10),(0000001061,0000000009,0000000221,10),(0000001062,0000000004,0000000222,30),(0000001063,0000000008,0000000222,30),(0000001064,0000000002,0000000222,30),(0000001065,0000000009,0000000222,30),(0000001066,0000000001,0000000222,-20),(0000001067,0000000003,0000000222,-20),(0000001068,0000000004,0000000223,10),(0000001069,0000000008,0000000223,10),(0000001070,0000000001,0000000223,10),(0000001071,0000000003,0000000223,10),(0000001072,0000000002,0000000223,10),(0000001073,0000000009,0000000223,10),(0000001074,0000000004,0000000224,10),(0000001075,0000000008,0000000224,10),(0000001076,0000000001,0000000224,10),(0000001077,0000000003,0000000224,10),(0000001078,0000000002,0000000224,10),(0000001079,0000000009,0000000224,10),(0000001080,0000000004,0000000225,10),(0000001081,0000000008,0000000225,10),(0000001082,0000000001,0000000225,10),(0000001083,0000000003,0000000225,10),(0000001084,0000000002,0000000225,10),(0000001085,0000000009,0000000225,10),(0000001086,0000000004,0000000226,3),(0000001087,0000000008,0000000226,3),(0000001088,0000000003,0000000226,3),(0000001089,0000000002,0000000226,3),(0000001090,0000000010,0000000226,3),(0000001091,0000000004,0000000227,3),(0000001092,0000000008,0000000227,3),(0000001093,0000000001,0000000227,3),(0000001094,0000000003,0000000227,3),(0000001095,0000000002,0000000227,3),(0000001096,0000000010,0000000227,3),(0000001097,0000000004,0000000228,3),(0000001098,0000000008,0000000228,3),(0000001099,0000000001,0000000228,3),(0000001100,0000000003,0000000228,3),(0000001101,0000000002,0000000228,3),(0000001102,0000000010,0000000228,3),(0000001103,0000000004,0000000229,3),(0000001104,0000000008,0000000229,3),(0000001105,0000000001,0000000229,3),(0000001106,0000000003,0000000229,3),(0000001107,0000000002,0000000229,3),(0000001108,0000000010,0000000229,3),(0000001109,0000000004,0000000230,3),(0000001110,0000000008,0000000230,3),(0000001111,0000000003,0000000230,3),(0000001112,0000000008,0000000231,3),(0000001113,0000000003,0000000231,3),(0000001114,0000000002,0000000231,3),(0000001115,0000000010,0000000231,3),(0000001116,0000000003,0000000232,15),(0000001117,0000000002,0000000232,15),(0000001118,0000000004,0000000232,-10),(0000001119,0000000008,0000000232,-10),(0000001120,0000000010,0000000232,-10),(0000001121,0000000004,0000000233,3),(0000001122,0000000008,0000000233,3),(0000001123,0000000001,0000000233,3),(0000001124,0000000002,0000000233,3),(0000001125,0000000010,0000000233,3),(0000001126,0000000004,0000000234,3),(0000001127,0000000008,0000000234,3),(0000001128,0000000001,0000000234,3),(0000001129,0000000003,0000000234,3),(0000001130,0000000002,0000000234,3),(0000001131,0000000010,0000000234,3),(0000001132,0000000004,0000000235,3),(0000001133,0000000008,0000000235,3),(0000001134,0000000001,0000000235,3),(0000001135,0000000003,0000000235,3),(0000001136,0000000002,0000000235,3),(0000001137,0000000010,0000000235,3),(0000001138,0000000004,0000000236,3),(0000001139,0000000008,0000000236,3),(0000001140,0000000001,0000000236,3),(0000001141,0000000003,0000000236,3),(0000001142,0000000002,0000000236,3),(0000001143,0000000010,0000000236,3),(0000001144,0000000004,0000000237,5),(0000001145,0000000008,0000000237,5),(0000001146,0000000001,0000000237,5),(0000001147,0000000003,0000000237,5),(0000001148,0000000002,0000000237,5),(0000001149,0000000010,0000000237,5),(0000001150,0000000004,0000000238,5),(0000001151,0000000001,0000000238,5),(0000001152,0000000010,0000000238,5),(0000001153,0000000004,0000000239,5),(0000001154,0000000008,0000000239,5),(0000001155,0000000001,0000000239,5),(0000001156,0000000003,0000000239,5),(0000001157,0000000002,0000000239,5),(0000001158,0000000010,0000000239,5),(0000001159,0000000008,0000000240,5),(0000001160,0000000001,0000000240,5),(0000001161,0000000003,0000000240,5),(0000001162,0000000002,0000000240,5),(0000001163,0000000010,0000000240,5),(0000001164,0000000004,0000000241,5),(0000001165,0000000008,0000000241,5),(0000001166,0000000001,0000000241,5),(0000001167,0000000003,0000000241,5),(0000001168,0000000002,0000000241,5),(0000001169,0000000010,0000000241,5),(0000001170,0000000004,0000000242,5),(0000001171,0000000008,0000000242,5),(0000001172,0000000001,0000000242,5),(0000001173,0000000002,0000000242,5),(0000001174,0000000010,0000000242,5),(0000001175,0000000004,0000000243,15),(0000001176,0000000008,0000000243,15),(0000001177,0000000003,0000000243,15),(0000001178,0000000002,0000000243,15),(0000001179,0000000010,0000000243,15),(0000001180,0000000004,0000000244,5),(0000001181,0000000008,0000000244,5),(0000001182,0000000001,0000000244,5),(0000001183,0000000003,0000000244,5),(0000001184,0000000002,0000000244,5),(0000001185,0000000010,0000000244,5),(0000001186,0000000004,0000000245,5),(0000001187,0000000008,0000000245,5),(0000001188,0000000001,0000000245,5),(0000001189,0000000003,0000000245,5),(0000001190,0000000002,0000000245,5),(0000001191,0000000010,0000000245,5),(0000001192,0000000004,0000000246,5),(0000001193,0000000008,0000000246,5),(0000001194,0000000001,0000000246,5),(0000001195,0000000003,0000000246,5),(0000001196,0000000002,0000000246,5),(0000001197,0000000010,0000000246,5),(0000001198,0000000004,0000000247,5),(0000001199,0000000008,0000000247,5),(0000001200,0000000001,0000000247,5),(0000001201,0000000003,0000000247,5),(0000001202,0000000002,0000000247,5),(0000001203,0000000010,0000000247,5),(0000001204,0000000004,0000000248,10),(0000001205,0000000001,0000000248,10),(0000001206,0000000003,0000000248,10),(0000001207,0000000002,0000000248,10),(0000001208,0000000010,0000000248,10),(0000001209,0000000002,0000000249,10),(0000001210,0000000010,0000000249,10),(0000001211,0000000001,0000000250,10),(0000001212,0000000002,0000000250,10),(0000001213,0000000008,0000000251,10),(0000001214,0000000001,0000000251,10),(0000001215,0000000002,0000000251,10),(0000001216,0000000010,0000000251,10),(0000001217,0000000004,0000000252,10),(0000001218,0000000008,0000000252,10),(0000001219,0000000001,0000000252,10),(0000001220,0000000003,0000000252,10),(0000001221,0000000002,0000000252,10),(0000001222,0000000010,0000000252,10),(0000001223,0000000004,0000000253,10),(0000001224,0000000008,0000000253,10),(0000001225,0000000001,0000000253,10),(0000001226,0000000002,0000000253,10),(0000001227,0000000010,0000000253,10),(0000001228,0000000008,0000000254,10),(0000001229,0000000002,0000000254,10),(0000001230,0000000010,0000000254,10),(0000001231,0000000001,0000000255,30),(0000001232,0000000002,0000000255,30),(0000001233,0000000010,0000000255,30),(0000001234,0000000008,0000000255,-20),(0000001235,0000000008,0000000256,10),(0000001236,0000000002,0000000256,10),(0000001237,0000000004,0000000257,10),(0000001238,0000000008,0000000257,10),(0000001239,0000000001,0000000257,10),(0000001240,0000000003,0000000257,10),(0000001241,0000000002,0000000257,10),(0000001242,0000000008,0000000258,10),(0000001243,0000000002,0000000258,10),(0000001244,0000000004,0000000259,3),(0000001245,0000000008,0000000259,3),(0000001246,0000000001,0000000259,3),(0000001247,0000000003,0000000259,3),(0000001248,0000000002,0000000259,3),(0000001249,0000000010,0000000259,3),(0000001250,0000000004,0000000260,3),(0000001251,0000000008,0000000260,3),(0000001252,0000000001,0000000260,3),(0000001253,0000000003,0000000260,3),(0000001254,0000000002,0000000260,3),(0000001255,0000000010,0000000260,3),(0000001256,0000000004,0000000261,3),(0000001257,0000000008,0000000261,3),(0000001258,0000000001,0000000261,3),(0000001259,0000000003,0000000261,3),(0000001260,0000000002,0000000261,3),(0000001261,0000000010,0000000261,3),(0000001262,0000000004,0000000262,3),(0000001263,0000000008,0000000262,3),(0000001264,0000000001,0000000262,3),(0000001265,0000000002,0000000262,3),(0000001266,0000000010,0000000262,3),(0000001267,0000000004,0000000263,3),(0000001268,0000000008,0000000263,3),(0000001269,0000000001,0000000263,3),(0000001270,0000000003,0000000263,3),(0000001271,0000000002,0000000263,3),(0000001272,0000000010,0000000263,3),(0000001273,0000000008,0000000264,3),(0000001274,0000000003,0000000264,3),(0000001275,0000000010,0000000264,3),(0000001276,0000000004,0000000265,15),(0000001277,0000000001,0000000265,15),(0000001278,0000000003,0000000265,15),(0000001279,0000000002,0000000265,15),(0000001280,0000000010,0000000265,15),(0000001281,0000000008,0000000265,-10),(0000001282,0000000008,0000000266,3),(0000001283,0000000001,0000000266,3),(0000001284,0000000003,0000000266,3),(0000001285,0000000002,0000000266,3),(0000001286,0000000010,0000000266,3),(0000001287,0000000008,0000000267,3),(0000001288,0000000004,0000000268,3),(0000001289,0000000008,0000000268,3),(0000001290,0000000001,0000000268,3),(0000001291,0000000003,0000000268,3),(0000001292,0000000002,0000000268,3),(0000001293,0000000010,0000000268,3),(0000001294,0000000004,0000000269,3),(0000001295,0000000008,0000000269,3),(0000001296,0000000001,0000000269,3),(0000001297,0000000003,0000000269,3),(0000001298,0000000002,0000000269,3),(0000001299,0000000010,0000000269,3),(0000001300,0000000004,0000000270,5),(0000001301,0000000008,0000000270,5),(0000001302,0000000001,0000000270,5),(0000001303,0000000003,0000000270,5),(0000001304,0000000002,0000000270,5),(0000001305,0000000004,0000000271,5),(0000001306,0000000008,0000000271,5),(0000001307,0000000001,0000000271,5),(0000001308,0000000002,0000000271,5),(0000001309,0000000010,0000000271,5),(0000001310,0000000004,0000000272,5),(0000001311,0000000008,0000000272,5),(0000001312,0000000001,0000000272,5),(0000001313,0000000003,0000000272,5),(0000001314,0000000002,0000000272,5),(0000001315,0000000010,0000000272,5),(0000001316,0000000004,0000000273,5),(0000001317,0000000001,0000000273,5),(0000001318,0000000003,0000000273,5),(0000001319,0000000002,0000000273,5),(0000001320,0000000010,0000000273,5),(0000001321,0000000004,0000000274,5),(0000001322,0000000008,0000000274,5),(0000001323,0000000001,0000000274,5),(0000001324,0000000003,0000000274,5),(0000001325,0000000002,0000000274,5),(0000001326,0000000010,0000000274,5),(0000001327,0000000004,0000000275,5),(0000001328,0000000008,0000000275,5),(0000001329,0000000001,0000000275,5),(0000001330,0000000003,0000000275,5),(0000001331,0000000002,0000000275,5),(0000001332,0000000010,0000000275,5),(0000001333,0000000004,0000000276,15),(0000001334,0000000001,0000000276,15),(0000001335,0000000002,0000000276,15),(0000001336,0000000010,0000000276,15),(0000001337,0000000008,0000000277,5),(0000001338,0000000001,0000000277,5),(0000001339,0000000003,0000000277,5),(0000001340,0000000002,0000000277,5),(0000001341,0000000010,0000000277,5),(0000001342,0000000004,0000000278,5),(0000001343,0000000008,0000000278,5),(0000001344,0000000003,0000000278,5),(0000001345,0000000002,0000000278,5),(0000001346,0000000004,0000000279,5),(0000001347,0000000008,0000000279,5),(0000001348,0000000001,0000000279,5),(0000001349,0000000002,0000000279,5),(0000001350,0000000010,0000000279,5),(0000001351,0000000004,0000000280,5),(0000001352,0000000008,0000000280,5),(0000001353,0000000001,0000000280,5),(0000001354,0000000003,0000000280,5),(0000001355,0000000002,0000000280,5),(0000001356,0000000010,0000000280,5),(0000001357,0000000004,0000000281,10),(0000001358,0000000008,0000000281,10),(0000001359,0000000001,0000000281,10),(0000001360,0000000002,0000000281,10),(0000001361,0000000010,0000000281,10),(0000001362,0000000004,0000000282,10),(0000001363,0000000001,0000000282,10),(0000001364,0000000002,0000000282,10),(0000001365,0000000008,0000000283,10),(0000001366,0000000001,0000000283,10),(0000001367,0000000002,0000000283,10),(0000001368,0000000010,0000000283,10),(0000001369,0000000004,0000000284,10),(0000001370,0000000010,0000000284,10),(0000001371,0000000004,0000000285,10),(0000001372,0000000008,0000000285,10),(0000001373,0000000001,0000000285,10),(0000001374,0000000002,0000000285,10),(0000001375,0000000010,0000000285,10),(0000001376,0000000004,0000000286,10),(0000001377,0000000008,0000000286,10),(0000001378,0000000003,0000000286,10),(0000001379,0000000002,0000000286,10),(0000001380,0000000010,0000000286,10),(0000001381,0000000001,0000000287,10),(0000001382,0000000010,0000000287,10),(0000001383,0000000008,0000000288,30),(0000001384,0000000001,0000000288,30),(0000001385,0000000002,0000000288,30),(0000001386,0000000010,0000000288,30),(0000001387,0000000004,0000000288,-20),(0000001388,0000000008,0000000289,10),(0000001389,0000000001,0000000289,10),(0000001390,0000000002,0000000289,10),(0000001391,0000000010,0000000289,10),(0000001392,0000000004,0000000290,10),(0000001393,0000000008,0000000290,10),(0000001394,0000000003,0000000290,10),(0000001395,0000000002,0000000290,10),(0000001396,0000000010,0000000290,10),(0000001397,0000000004,0000000291,10),(0000001398,0000000008,0000000291,10),(0000001399,0000000002,0000000291,10),(0000001400,0000000004,0000000292,3),(0000001401,0000000008,0000000292,3),(0000001402,0000000001,0000000292,3),(0000001403,0000000003,0000000292,3),(0000001404,0000000010,0000000292,3),(0000001405,0000000002,0000000292,3),(0000001406,0000000004,0000000293,3),(0000001407,0000000008,0000000293,3),(0000001408,0000000001,0000000293,3),(0000001409,0000000010,0000000293,3),(0000001410,0000000002,0000000293,3),(0000001411,0000000004,0000000294,3),(0000001412,0000000008,0000000294,3),(0000001413,0000000001,0000000294,3),(0000001414,0000000003,0000000294,3),(0000001415,0000000010,0000000294,3),(0000001416,0000000002,0000000294,3),(0000001417,0000000004,0000000295,3),(0000001418,0000000008,0000000295,3),(0000001419,0000000001,0000000295,3),(0000001420,0000000010,0000000295,3),(0000001421,0000000002,0000000295,3),(0000001422,0000000004,0000000296,3),(0000001423,0000000008,0000000296,3),(0000001424,0000000001,0000000296,3),(0000001425,0000000003,0000000296,3),(0000001426,0000000010,0000000296,3),(0000001427,0000000002,0000000296,3),(0000001428,0000000004,0000000297,3),(0000001429,0000000008,0000000297,3),(0000001430,0000000001,0000000297,3),(0000001431,0000000003,0000000297,3),(0000001432,0000000010,0000000297,3),(0000001433,0000000002,0000000297,3),(0000001434,0000000004,0000000298,15),(0000001435,0000000008,0000000298,15),(0000001436,0000000001,0000000298,15),(0000001437,0000000010,0000000298,15),(0000001438,0000000002,0000000298,15),(0000001439,0000000003,0000000298,-10),(0000001440,0000000004,0000000299,3),(0000001441,0000000008,0000000299,3),(0000001442,0000000001,0000000299,3),(0000001443,0000000003,0000000299,3),(0000001444,0000000010,0000000299,3),(0000001445,0000000002,0000000299,3),(0000001446,0000000004,0000000300,3),(0000001447,0000000008,0000000300,3),(0000001448,0000000001,0000000300,3),(0000001449,0000000010,0000000300,3),(0000001450,0000000002,0000000300,3),(0000001451,0000000004,0000000301,3),(0000001452,0000000008,0000000301,3),(0000001453,0000000001,0000000301,3),(0000001454,0000000003,0000000301,3),(0000001455,0000000010,0000000301,3),(0000001456,0000000002,0000000301,3),(0000001457,0000000004,0000000302,3),(0000001458,0000000008,0000000302,3),(0000001459,0000000001,0000000302,3),(0000001460,0000000003,0000000302,3),(0000001461,0000000010,0000000302,3),(0000001462,0000000002,0000000302,3),(0000001463,0000000004,0000000303,5),(0000001464,0000000008,0000000303,5),(0000001465,0000000001,0000000303,5),(0000001466,0000000010,0000000303,5),(0000001467,0000000002,0000000303,5),(0000001468,0000000004,0000000304,5),(0000001469,0000000008,0000000304,5),(0000001470,0000000001,0000000304,5),(0000001471,0000000003,0000000304,5),(0000001472,0000000010,0000000304,5),(0000001473,0000000002,0000000304,5),(0000001474,0000000004,0000000305,5),(0000001475,0000000008,0000000305,5),(0000001476,0000000001,0000000305,5),(0000001477,0000000010,0000000305,5),(0000001478,0000000004,0000000306,5),(0000001479,0000000010,0000000306,5),(0000001480,0000000008,0000000307,5),(0000001481,0000000001,0000000307,5),(0000001482,0000000010,0000000307,5),(0000001483,0000000002,0000000307,5),(0000001484,0000000004,0000000308,5),(0000001485,0000000008,0000000308,5),(0000001486,0000000001,0000000308,5),(0000001487,0000000010,0000000308,5),(0000001488,0000000002,0000000308,5),(0000001489,0000000004,0000000309,15),(0000001490,0000000001,0000000309,15),(0000001491,0000000010,0000000309,15),(0000001492,0000000002,0000000309,15),(0000001493,0000000008,0000000309,-10),(0000001494,0000000004,0000000310,5),(0000001495,0000000008,0000000310,5),(0000001496,0000000001,0000000310,5),(0000001497,0000000002,0000000310,5),(0000001498,0000000004,0000000311,5),(0000001499,0000000008,0000000311,5),(0000001500,0000000001,0000000311,5),(0000001501,0000000003,0000000311,5),(0000001502,0000000004,0000000312,5),(0000001503,0000000008,0000000312,5),(0000001504,0000000001,0000000312,5),(0000001505,0000000003,0000000312,5),(0000001506,0000000010,0000000312,5),(0000001507,0000000002,0000000312,5),(0000001508,0000000004,0000000313,5),(0000001509,0000000008,0000000313,5),(0000001510,0000000001,0000000313,5),(0000001511,0000000003,0000000313,5),(0000001512,0000000010,0000000313,5),(0000001513,0000000002,0000000313,5),(0000001514,0000000010,0000000314,10),(0000001515,0000000002,0000000314,10),(0000001516,0000000004,0000000315,10),(0000001517,0000000008,0000000315,10),(0000001518,0000000001,0000000315,10),(0000001519,0000000003,0000000315,10),(0000001520,0000000010,0000000315,10),(0000001521,0000000002,0000000315,10),(0000001522,0000000004,0000000316,10),(0000001523,0000000008,0000000316,10),(0000001524,0000000001,0000000316,10),(0000001525,0000000003,0000000316,10),(0000001526,0000000010,0000000316,10),(0000001527,0000000002,0000000316,10),(0000001528,0000000004,0000000317,10),(0000001529,0000000008,0000000317,10),(0000001530,0000000001,0000000317,10),(0000001531,0000000003,0000000317,10),(0000001532,0000000010,0000000317,10),(0000001533,0000000002,0000000317,10),(0000001534,0000000004,0000000318,10),(0000001535,0000000008,0000000318,10),(0000001536,0000000001,0000000318,10),(0000001537,0000000003,0000000318,10),(0000001538,0000000002,0000000318,10),(0000001539,0000000004,0000000319,10),(0000001540,0000000002,0000000319,10),(0000001541,0000000004,0000000320,10),(0000001542,0000000010,0000000320,10),(0000001543,0000000002,0000000320,10),(0000001544,0000000004,0000000321,30),(0000001545,0000000001,0000000321,30),(0000001546,0000000010,0000000321,30),(0000001547,0000000002,0000000321,30),(0000001548,0000000004,0000000322,10),(0000001549,0000000008,0000000322,10),(0000001550,0000000001,0000000322,10),(0000001551,0000000003,0000000322,10),(0000001552,0000000010,0000000322,10),(0000001553,0000000002,0000000322,10),(0000001554,0000000008,0000000323,10),(0000001555,0000000001,0000000323,10),(0000001556,0000000010,0000000323,10),(0000001557,0000000004,0000000324,10),(0000001558,0000000008,0000000324,10),(0000001559,0000000001,0000000324,10),(0000001560,0000000003,0000000324,10),(0000001561,0000000010,0000000324,10),(0000001562,0000000002,0000000324,10),(0000001563,0000000004,0000000328,3),(0000001564,0000000008,0000000328,3),(0000001565,0000000001,0000000328,3),(0000001566,0000000010,0000000328,3),(0000001567,0000000002,0000000328,3),(0000001568,0000000004,0000000329,3),(0000001569,0000000010,0000000329,3),(0000001570,0000000002,0000000329,3),(0000001571,0000000009,0000000329,3),(0000001572,0000000004,0000000330,3),(0000001573,0000000001,0000000330,3),(0000001574,0000000003,0000000330,3),(0000001575,0000000010,0000000330,3),(0000001576,0000000002,0000000330,3),(0000001577,0000000004,0000000331,3),(0000001578,0000000008,0000000331,3),(0000001579,0000000001,0000000331,3),(0000001580,0000000003,0000000331,3),(0000001581,0000000010,0000000331,3),(0000001582,0000000002,0000000331,3),(0000001583,0000000009,0000000331,3),(0000001584,0000000008,0000000332,3),(0000001585,0000000001,0000000332,3),(0000001586,0000000003,0000000332,3),(0000001587,0000000010,0000000332,3),(0000001588,0000000002,0000000332,3),(0000001589,0000000009,0000000332,3),(0000001590,0000000004,0000000333,3),(0000001591,0000000008,0000000333,3),(0000001592,0000000001,0000000333,3),(0000001593,0000000010,0000000333,3),(0000001594,0000000002,0000000333,3),(0000001595,0000000009,0000000333,3),(0000001596,0000000004,0000000334,15),(0000001597,0000000008,0000000334,15),(0000001598,0000000001,0000000334,15),(0000001599,0000000010,0000000334,15),(0000001600,0000000002,0000000334,15),(0000001601,0000000009,0000000334,15),(0000001602,0000000004,0000000335,3),(0000001603,0000000008,0000000335,3),(0000001604,0000000001,0000000335,3),(0000001605,0000000003,0000000335,3),(0000001606,0000000010,0000000335,3),(0000001607,0000000002,0000000335,3),(0000001608,0000000009,0000000335,3),(0000001609,0000000004,0000000336,3),(0000001610,0000000008,0000000336,3),(0000001611,0000000001,0000000336,3),(0000001612,0000000003,0000000336,3),(0000001613,0000000010,0000000336,3),(0000001614,0000000002,0000000336,3),(0000001615,0000000009,0000000336,3),(0000001616,0000000004,0000000337,3),(0000001617,0000000001,0000000337,3),(0000001618,0000000003,0000000337,3),(0000001619,0000000010,0000000337,3),(0000001620,0000000002,0000000337,3),(0000001621,0000000009,0000000337,3),(0000001622,0000000004,0000000338,3),(0000001623,0000000008,0000000338,3),(0000001624,0000000003,0000000338,3),(0000001625,0000000010,0000000338,3),(0000001626,0000000002,0000000338,3),(0000001627,0000000004,0000000339,5),(0000001628,0000000008,0000000339,5),(0000001629,0000000001,0000000339,5),(0000001630,0000000003,0000000339,5),(0000001631,0000000010,0000000339,5),(0000001632,0000000002,0000000339,5),(0000001633,0000000009,0000000339,5),(0000001634,0000000004,0000000340,5),(0000001635,0000000001,0000000340,5),(0000001636,0000000003,0000000340,5),(0000001637,0000000010,0000000340,5),(0000001638,0000000002,0000000340,5),(0000001639,0000000009,0000000340,5),(0000001640,0000000004,0000000341,5),(0000001641,0000000008,0000000341,5),(0000001642,0000000001,0000000341,5),(0000001643,0000000003,0000000341,5),(0000001644,0000000010,0000000341,5),(0000001645,0000000002,0000000341,5),(0000001646,0000000004,0000000342,5),(0000001647,0000000010,0000000342,5),(0000001648,0000000002,0000000342,5),(0000001649,0000000009,0000000342,5),(0000001650,0000000008,0000000343,5),(0000001651,0000000001,0000000343,5),(0000001652,0000000003,0000000343,5),(0000001653,0000000010,0000000343,5),(0000001654,0000000002,0000000343,5),(0000001655,0000000009,0000000343,5),(0000001656,0000000004,0000000344,5),(0000001657,0000000008,0000000344,5),(0000001658,0000000001,0000000344,5),(0000001659,0000000003,0000000344,5),(0000001660,0000000010,0000000344,5),(0000001661,0000000002,0000000344,5),(0000001662,0000000009,0000000344,5),(0000001663,0000000004,0000000345,15),(0000001664,0000000008,0000000345,15),(0000001665,0000000001,0000000345,15),(0000001666,0000000003,0000000345,15),(0000001667,0000000010,0000000345,15),(0000001668,0000000002,0000000345,15),(0000001669,0000000009,0000000345,15),(0000001670,0000000004,0000000346,5),(0000001671,0000000008,0000000346,5),(0000001672,0000000001,0000000346,5),(0000001673,0000000003,0000000346,5),(0000001674,0000000010,0000000346,5),(0000001675,0000000002,0000000346,5),(0000001676,0000000004,0000000347,5),(0000001677,0000000008,0000000347,5),(0000001678,0000000001,0000000347,5),(0000001679,0000000003,0000000347,5),(0000001680,0000000010,0000000347,5),(0000001681,0000000002,0000000347,5),(0000001682,0000000009,0000000347,5),(0000001683,0000000004,0000000348,5),(0000001684,0000000008,0000000348,5),(0000001685,0000000001,0000000348,5),(0000001686,0000000003,0000000348,5),(0000001687,0000000010,0000000348,5),(0000001688,0000000010,0000000349,5),(0000001689,0000000004,0000000350,10),(0000001690,0000000010,0000000350,10),(0000001691,0000000002,0000000350,10),(0000001692,0000000009,0000000350,10),(0000001693,0000000008,0000000351,10),(0000001694,0000000001,0000000351,10),(0000001695,0000000010,0000000351,10),(0000001696,0000000002,0000000351,10),(0000001697,0000000004,0000000352,10),(0000001698,0000000001,0000000352,10),(0000001699,0000000003,0000000352,10),(0000001700,0000000010,0000000352,10),(0000001701,0000000002,0000000352,10),(0000001702,0000000008,0000000353,10),(0000001703,0000000010,0000000353,10),(0000001704,0000000002,0000000353,10),(0000001705,0000000008,0000000354,10),(0000001706,0000000001,0000000354,10),(0000001707,0000000010,0000000354,10),(0000001708,0000000002,0000000354,10),(0000001709,0000000004,0000000355,10),(0000001710,0000000008,0000000355,10),(0000001711,0000000001,0000000355,10),(0000001712,0000000010,0000000355,10),(0000001713,0000000002,0000000355,10),(0000001714,0000000004,0000000356,10),(0000001715,0000000003,0000000356,10),(0000001716,0000000010,0000000356,10),(0000001717,0000000002,0000000356,10),(0000001718,0000000004,0000000357,30),(0000001719,0000000008,0000000357,30),(0000001720,0000000001,0000000357,30),(0000001721,0000000010,0000000357,30),(0000001722,0000000002,0000000357,30),(0000001723,0000000009,0000000357,30),(0000001724,0000000001,0000000358,10),(0000001725,0000000010,0000000358,10),(0000001726,0000000002,0000000358,10),(0000001727,0000000004,0000000359,10),(0000001728,0000000001,0000000359,10),(0000001729,0000000003,0000000359,10),(0000001730,0000000010,0000000359,10),(0000001731,0000000002,0000000359,10),(0000001732,0000000008,0000000360,10),(0000001733,0000000010,0000000360,10),(0000001734,0000000002,0000000360,10),(0000001735,0000000009,0000000360,10),(0000001800,0000000003,0000000357,30);
/*!40000 ALTER TABLE `scores` ENABLE KEYS */;
UNLOCK TABLES;

--
-- Dumping events for database 'bible_quiz'
--

--
-- Dumping routines for database 'bible_quiz'
--
/*!40103 SET TIME_ZONE=@OLD_TIME_ZONE */;

/*!40101 SET SQL_MODE=@OLD_SQL_MODE */;
/*!40014 SET FOREIGN_KEY_CHECKS=@OLD_FOREIGN_KEY_CHECKS */;
/*!40014 SET UNIQUE_CHECKS=@OLD_UNIQUE_CHECKS */;
/*!40101 SET CHARACTER_SET_CLIENT=@OLD_CHARACTER_SET_CLIENT */;
/*!40101 SET CHARACTER_SET_RESULTS=@OLD_CHARACTER_SET_RESULTS */;
/*!40101 SET COLLATION_CONNECTION=@OLD_COLLATION_CONNECTION */;
/*!40111 SET SQL_NOTES=@OLD_SQL_NOTES */;

-- Dump completed on 2016-05-03 19:20:08
